product_id,upc_id,sku,product_name,category_id,supplier_id,price,primary_image,allImages,description
60U,8.51E+11,UNS-TANK-TRIMLESS-60U,UNS TANK TRIMLESS 60U,150,706,195.99,http://d56ygyjv466yj.cloudfront.net/thumb/111952_t.jpg,http://d56ygyjv466yj.cloudfront.net/thumb/111952_t.jpg,Ultum Nature Systems
45U,8.64E+11,UNS-TANK-TRIMLESS,UNS TANK TRIMLESS,150,706,105.99,https://images.salsify.com/image/upload/s--GpEFaaku--/w_900/w8o5ogsvf8mipkxwn0cx.jpg,https://images.salsify.com/image/upload/s--GgPozToc--/w_900/kviafjbozf1ok4zz7dyv.jpg; https://images.salsify.com/image/upload/s--GpEFaaku--/w_900/w8o5ogsvf8mipkxwn0cx.jpg; https://images.salsify.com/image/upload/s--Aq8YX_b_--/w_900/aqydu7sumbsscchvklw6.jpg; https://images.salsify.com/image/upload/s--jLhVmJDk--/w_900/iyv92aaznkczicquxee6.jpg; https://images.salsify.com/image/upload/s--BBqNbpzr--/w_900/uxdditkqxpnn4sucutwu.jpg; https://images.salsify.com/image/upload/s--59Z7d5Va--/w_900/dfxrirepzru8jgkcys5i.jpg; https://images.salsify.com/image/upload/s--fnqaEuSk--/w_900/oew8kgxjsq8forimj8wa.jpg,Premium UNS 60U Ultra-Clear Glass Tank with 45-degree mitered edges
5N,8.64E+11,UNS-TANK-TRIMLESS-5N,UNS TANK TRIMLESS 5N,150,706,61.99,https://images.salsify.com/image/upload/s--Aq8YX_b_--/w_900/aqydu7sumbsscchvklw6.jpg,https://images.salsify.com/image/upload/s--GgPozToc--/w_900/kviafjbozf1ok4zz7dyv.jpg; https://images.salsify.com/image/upload/s--GpEFaaku--/w_900/w8o5ogsvf8mipkxwn0cx.jpg; https://images.salsify.com/image/upload/s--Aq8YX_b_--/w_900/aqydu7sumbsscchvklw6.jpg; https://images.salsify.com/image/upload/s--jLhVmJDk--/w_900/iyv92aaznkczicquxee6.jpg; https://images.salsify.com/image/upload/s--BBqNbpzr--/w_900/uxdditkqxpnn4sucutwu.jpg; https://images.salsify.com/image/upload/s--59Z7d5Va--/w_900/dfxrirepzru8jgkcys5i.jpg; https://images.salsify.com/image/upload/s--fnqaEuSk--/w_900/oew8kgxjsq8forimj8wa.jpg,Ultum Nature Systems
3N,8.64E+11,UNS-TANK-TRIMLESS,UNS TANK TRIMLESS,150,706,49.99,https://images.salsify.com/image/upload/s--jLhVmJDk--/w_900/iyv92aaznkczicquxee6.jpg,https://images.salsify.com/image/upload/s--GgPozToc--/w_900/kviafjbozf1ok4zz7dyv.jpg; https://images.salsify.com/image/upload/s--GpEFaaku--/w_900/w8o5ogsvf8mipkxwn0cx.jpg; https://images.salsify.com/image/upload/s--Aq8YX_b_--/w_900/aqydu7sumbsscchvklw6.jpg; https://images.salsify.com/image/upload/s--jLhVmJDk--/w_900/iyv92aaznkczicquxee6.jpg; https://images.salsify.com/image/upload/s--BBqNbpzr--/w_900/uxdditkqxpnn4sucutwu.jpg; https://images.salsify.com/image/upload/s--59Z7d5Va--/w_900/dfxrirepzru8jgkcys5i.jpg; https://images.salsify.com/image/upload/s--fnqaEuSk--/w_900/oew8kgxjsq8forimj8wa.jpg,Ultum Nature Systems
20C,,UNS-TRIMLESS-8-8-8-CUBE-TANK,UNS TRIMLESS 8*8*8 CUBE TANK,150,706,55.99,https://images.salsify.com/image/upload/s--yWxYffXE--/w_900/u63er9ja5l8i5qhzyweq.jpg,https://images.salsify.com/image/upload/s--yWxYffXE--/w_900/u63er9ja5l8i5qhzyweq.jpg,Ultum Nature Systems
4.52E+10,,UNS-NATURE-BOTTLE-CO2-SYSTEM,UNS NATURE BOTTLE CO2 SYSTEM,130,706,21.99,https://images.salsify.com/image/upload/s--joseCzbq--/w_900/ykroeggoycd070zj8yvg.jpg,https://images.salsify.com/image/upload/s--joseCzbq--/w_900/ykroeggoycd070zj8yvg.jpg,Ultum Nature Systems
4.52E+10,4.52E+10,UNS-PLANT-FERTILIZER-FOOD-AIO,UNS PLANT FERTILIZER FOOD AIO,120,706,19.99,https://images.salsify.com/image/upload/s--LfOwTdIX--/w_900/fznnww0nptp0fypdhdao.jpg,https://images.salsify.com/image/upload/s--LfOwTdIX--/w_900/fznnww0nptp0fypdhdao.jpg; https://images.salsify.com/image/upload/s--uv8St4sM--/w_900/ov06bv6cb77kv9wkzo48.jpg,Ultum Nature Systems
90L,8.51E+11,UNS-90L-TRIMLESS-36-12-12-AQUARIUM,UNS 90L TRIMLESS 36*12*12 AQUARIUM,150,706,289.99,https://images.salsify.com/image/upload/s--59Z7d5Va--/w_900/dfxrirepzru8jgkcys5i.jpg,https://images.salsify.com/image/upload/s--GgPozToc--/w_900/kviafjbozf1ok4zz7dyv.jpg; https://images.salsify.com/image/upload/s--GpEFaaku--/w_900/w8o5ogsvf8mipkxwn0cx.jpg; https://images.salsify.com/image/upload/s--Aq8YX_b_--/w_900/aqydu7sumbsscchvklw6.jpg; https://images.salsify.com/image/upload/s--jLhVmJDk--/w_900/iyv92aaznkczicquxee6.jpg; https://images.salsify.com/image/upload/s--BBqNbpzr--/w_900/uxdditkqxpnn4sucutwu.jpg; https://images.salsify.com/image/upload/s--59Z7d5Va--/w_900/dfxrirepzru8jgkcys5i.jpg; https://images.salsify.com/image/upload/s--fnqaEuSk--/w_900/oew8kgxjsq8forimj8wa.jpg,Ultum Nature Systems
4.52E+10,,UNS-PLANT-FOOD-IRON-FERTILIZER,UNS PLANT FOOD IRON FERTILIZER,130,706,19.99,https://images.salsify.com/image/upload/s--uv8St4sM--/w_900/ov06bv6cb77kv9wkzo48.jpg,https://images.salsify.com/image/upload/s--LfOwTdIX--/w_900/fznnww0nptp0fypdhdao.jpg; https://images.salsify.com/image/upload/s--uv8St4sM--/w_900/ov06bv6cb77kv9wkzo48.jpg,Ultum Nature Systems
8.51E+10,,UNS-CONTROSOIL-BROWN-FINE-3L,UNS CONTROSOIL BROWN FINE 3L,130,706,29.99,https://images.salsify.com/image/upload/s--dQ_Hosp2--/w_900/ejhvfuhmnehdeqmcronb.jpg,https://images.salsify.com/image/upload/s--dQ_Hosp2--/w_900/ejhvfuhmnehdeqmcronb.jpg; https://images.salsify.com/image/upload/s--M8prXm2w--/w_900/xel7jdpuymcjnsmcerep.jpg; https://images.salsify.com/image/upload/s--bb6nZcOE--/w_900/f0cenhif7ifwiavwfg4e.jpg; https://images.salsify.com/image/upload/s--_jNe3Iff--/w_900/p9uctmppy1jet21ptrru.jpg; https://images.salsify.com/image/upload/s--a2UHrOjT--/w_900/u7aeiiljvjvrxwdevurb.jpg; https://images.salsify.com/image/upload/s--3l5zn-Kj--/w_900/q5my0rknyoflxjw2p4ge.jpg; https://images.salsify.com/image/upload/s--TCzst-LS--/w_900/md6otbxdubrmyexqez8q.jpg; https://images.salsify.com/image/upload/s--Q3gYWZ7H--/w_900/e6orushzw4qnxkudxjam.jpg; https://images.salsify.com/image/upload/s--1MLngj8q--/w_900/cpcgkmlgoynleymqk00t.jpg,Ultum Nature Systems
8.51E+10,,UNS-CONTROSOIL-BLACK-NORMAL-3L,UNS CONTROSOIL BLACK NORMAL 3L,130,706,29.99,https://images.salsify.com/image/upload/s--GQQSPLjv--/w_900/fw7clubmdqme2z2hwhix.jpg,https://images.salsify.com/image/upload/s--GQQSPLjv--/w_900/fw7clubmdqme2z2hwhix.jpg,Ultum Nature Systems
8.51E+10,,UNS-CONTROSOIL-BLACK-NORMAL-10L,UNS CONTROSOIL BLACK NORMAL 10L,130,706,64.99,https://images.salsify.com/image/upload/s--76ag_nsp--/w_900/lbzl9p7eogmp8bjfx03g.jpg,https://images.salsify.com/image/upload/s--76ag_nsp--/w_900/lbzl9p7eogmp8bjfx03g.jpg,Ultum Nature Systems
8.51E+10,,UNS-CONTROSOIL-BLACK-FINE-3L,UNS CONTROSOIL BLACK FINE 3L,130,706,29.99,https://images.salsify.com/image/upload/s--qkcN5Ay8--/w_900/mubumjv5yhhy7tg2x8tx.jpg,https://images.salsify.com/image/upload/s--qkcN5Ay8--/w_900/mubumjv5yhhy7tg2x8tx.jpg,Ultum Nature Systems
8.51E+10,,UNS-CONTROSOIL-BROWN-NORMAL-10L,UNS CONTROSOIL BROWN NORMAL 10L,130,706,64.99,https://images.salsify.com/image/upload/s--M8prXm2w--/w_900/xel7jdpuymcjnsmcerep.jpg,https://images.salsify.com/image/upload/s--dQ_Hosp2--/w_900/ejhvfuhmnehdeqmcronb.jpg; https://images.salsify.com/image/upload/s--M8prXm2w--/w_900/xel7jdpuymcjnsmcerep.jpg; https://images.salsify.com/image/upload/s--bb6nZcOE--/w_900/f0cenhif7ifwiavwfg4e.jpg; https://images.salsify.com/image/upload/s--_jNe3Iff--/w_900/p9uctmppy1jet21ptrru.jpg; https://images.salsify.com/image/upload/s--a2UHrOjT--/w_900/u7aeiiljvjvrxwdevurb.jpg; https://images.salsify.com/image/upload/s--3l5zn-Kj--/w_900/q5my0rknyoflxjw2p4ge.jpg; https://images.salsify.com/image/upload/s--TCzst-LS--/w_900/md6otbxdubrmyexqez8q.jpg; https://images.salsify.com/image/upload/s--Q3gYWZ7H--/w_900/e6orushzw4qnxkudxjam.jpg; https://images.salsify.com/image/upload/s--1MLngj8q--/w_900/cpcgkmlgoynleymqk00t.jpg,Ultum Nature Systems
8.51E+10,,UNS-CONTROSOIL-BROWN-FINE-10L,UNS CONTROSOIL BROWN FINE 10L,130,706,64.99,https://images.salsify.com/image/upload/s--bb6nZcOE--/w_900/f0cenhif7ifwiavwfg4e.jpg,https://images.salsify.com/image/upload/s--dQ_Hosp2--/w_900/ejhvfuhmnehdeqmcronb.jpg; https://images.salsify.com/image/upload/s--M8prXm2w--/w_900/xel7jdpuymcjnsmcerep.jpg; https://images.salsify.com/image/upload/s--bb6nZcOE--/w_900/f0cenhif7ifwiavwfg4e.jpg; https://images.salsify.com/image/upload/s--_jNe3Iff--/w_900/p9uctmppy1jet21ptrru.jpg; https://images.salsify.com/image/upload/s--a2UHrOjT--/w_900/u7aeiiljvjvrxwdevurb.jpg; https://images.salsify.com/image/upload/s--3l5zn-Kj--/w_900/q5my0rknyoflxjw2p4ge.jpg; https://images.salsify.com/image/upload/s--TCzst-LS--/w_900/md6otbxdubrmyexqez8q.jpg; https://images.salsify.com/image/upload/s--Q3gYWZ7H--/w_900/e6orushzw4qnxkudxjam.jpg; https://images.salsify.com/image/upload/s--1MLngj8q--/w_900/cpcgkmlgoynleymqk00t.jpg,Ultum Nature Systems
8.51E+10,,UNS-CONTROSOIL-BROWN-NORMAL-3L,UNS CONTROSOIL BROWN NORMAL 3L,130,706,29.99,https://images.salsify.com/image/upload/s--_jNe3Iff--/w_900/p9uctmppy1jet21ptrru.jpg,https://images.salsify.com/image/upload/s--dQ_Hosp2--/w_900/ejhvfuhmnehdeqmcronb.jpg; https://images.salsify.com/image/upload/s--M8prXm2w--/w_900/xel7jdpuymcjnsmcerep.jpg; https://images.salsify.com/image/upload/s--bb6nZcOE--/w_900/f0cenhif7ifwiavwfg4e.jpg; https://images.salsify.com/image/upload/s--_jNe3Iff--/w_900/p9uctmppy1jet21ptrru.jpg; https://images.salsify.com/image/upload/s--a2UHrOjT--/w_900/u7aeiiljvjvrxwdevurb.jpg; https://images.salsify.com/image/upload/s--3l5zn-Kj--/w_900/q5my0rknyoflxjw2p4ge.jpg; https://images.salsify.com/image/upload/s--TCzst-LS--/w_900/md6otbxdubrmyexqez8q.jpg; https://images.salsify.com/image/upload/s--Q3gYWZ7H--/w_900/e6orushzw4qnxkudxjam.jpg; https://images.salsify.com/image/upload/s--1MLngj8q--/w_900/cpcgkmlgoynleymqk00t.jpg,Ultum Nature Systems
8.51E+10,,UNS-CONTROSOIL-BLACK-FINE-10L,UNS CONTROSOIL BLACK FINE 10L,130,706,64.99,https://images.salsify.com/image/upload/s--1D_zwpci--/w_900/c8zh5am2ksbiiqx4jvwg.jpg,https://images.salsify.com/image/upload/s--1D_zwpci--/w_900/c8zh5am2ksbiiqx4jvwg.jpg,Ultum Nature Systems
8.51E+10,,UNS-CONTROSOIL-BLACK-XTRA-FINE-10L,UNS CONTROSOIL BLACK XTRA FINE 10L,130,706,64.99,http://d56ygyjv466yj.cloudfront.net/thumb/292032_t.jpg,http://d56ygyjv466yj.cloudfront.net/thumb/292032_t.jpg,Ultum Nature Systems
8.51E+10,,UNS-CONTROSOIL-BLACK-XTRA-FINE-3L,UNS CONTROSOIL BLACK XTRA FINE 3L,130,706,29.99,https://images.salsify.com/image/upload/s--iotrl25Y--/w_900/palvkfqxjhsz9j4nto6a.jpg,https://images.salsify.com/image/upload/s--iotrl25Y--/w_900/palvkfqxjhsz9j4nto6a.jpg,Ultum Nature Systems
8.51E+10,,UNS-CONTROSOIL-BROWN-XTRA-FINE-10L,UNS CONTROSOIL BROWN XTRA FINE 10L,130,706,64.99,https://images.salsify.com/image/upload/s--a2UHrOjT--/w_900/u7aeiiljvjvrxwdevurb.jpg,https://images.salsify.com/image/upload/s--dQ_Hosp2--/w_900/ejhvfuhmnehdeqmcronb.jpg; https://images.salsify.com/image/upload/s--M8prXm2w--/w_900/xel7jdpuymcjnsmcerep.jpg; https://images.salsify.com/image/upload/s--bb6nZcOE--/w_900/f0cenhif7ifwiavwfg4e.jpg; https://images.salsify.com/image/upload/s--_jNe3Iff--/w_900/p9uctmppy1jet21ptrru.jpg; https://images.salsify.com/image/upload/s--a2UHrOjT--/w_900/u7aeiiljvjvrxwdevurb.jpg; https://images.salsify.com/image/upload/s--3l5zn-Kj--/w_900/q5my0rknyoflxjw2p4ge.jpg; https://images.salsify.com/image/upload/s--TCzst-LS--/w_900/md6otbxdubrmyexqez8q.jpg; https://images.salsify.com/image/upload/s--Q3gYWZ7H--/w_900/e6orushzw4qnxkudxjam.jpg; https://images.salsify.com/image/upload/s--1MLngj8q--/w_900/cpcgkmlgoynleymqk00t.jpg,Ultum Nature Systems
8.51E+10,,UNS-CONTROSOIL-BROWN-XTRA-FINE-3L,UNS CONTROSOIL BROWN XTRA FINE 3L,130,706,29.99,https://images.salsify.com/image/upload/s--3l5zn-Kj--/w_900/q5my0rknyoflxjw2p4ge.jpg,https://images.salsify.com/image/upload/s--dQ_Hosp2--/w_900/ejhvfuhmnehdeqmcronb.jpg; https://images.salsify.com/image/upload/s--M8prXm2w--/w_900/xel7jdpuymcjnsmcerep.jpg; https://images.salsify.com/image/upload/s--bb6nZcOE--/w_900/f0cenhif7ifwiavwfg4e.jpg; https://images.salsify.com/image/upload/s--_jNe3Iff--/w_900/p9uctmppy1jet21ptrru.jpg; https://images.salsify.com/image/upload/s--a2UHrOjT--/w_900/u7aeiiljvjvrxwdevurb.jpg; https://images.salsify.com/image/upload/s--3l5zn-Kj--/w_900/q5my0rknyoflxjw2p4ge.jpg; https://images.salsify.com/image/upload/s--TCzst-LS--/w_900/md6otbxdubrmyexqez8q.jpg; https://images.salsify.com/image/upload/s--Q3gYWZ7H--/w_900/e6orushzw4qnxkudxjam.jpg; https://images.salsify.com/image/upload/s--1MLngj8q--/w_900/cpcgkmlgoynleymqk00t.jpg,Ultum Nature Systems
45S,,UNS-TANK-45S-TRIMLESS-18-12-7-5G,UNS TANK 45S TRIMLESS 18*12*7 5G,150,706,84.99,https://images.salsify.com/image/upload/s--BBqNbpzr--/w_900/uxdditkqxpnn4sucutwu.jpg,https://images.salsify.com/image/upload/s--GgPozToc--/w_900/kviafjbozf1ok4zz7dyv.jpg; https://images.salsify.com/image/upload/s--GpEFaaku--/w_900/w8o5ogsvf8mipkxwn0cx.jpg; https://images.salsify.com/image/upload/s--Aq8YX_b_--/w_900/aqydu7sumbsscchvklw6.jpg; https://images.salsify.com/image/upload/s--jLhVmJDk--/w_900/iyv92aaznkczicquxee6.jpg; https://images.salsify.com/image/upload/s--BBqNbpzr--/w_900/uxdditkqxpnn4sucutwu.jpg; https://images.salsify.com/image/upload/s--59Z7d5Va--/w_900/dfxrirepzru8jgkcys5i.jpg; https://images.salsify.com/image/upload/s--fnqaEuSk--/w_900/oew8kgxjsq8forimj8wa.jpg,Ultum Nature Systems
90P,8.51E+10,UNS-TANK-RIMLESS-90P,UNS TANK RIMLESS 90P,150,706,585.99,http://d56ygyjv466yj.cloudfront.net/thumb/111944_t.jpg,http://d56ygyjv466yj.cloudfront.net/thumb/111944_t.jpg,Ultum Nature Systems
8.51E+10,8.51E+10,UNS-LED-LIGHT-TITAN1-SILVER,UNS LED LIGHT TITAN1 SILVER,140,706,399.99,https://images.salsify.com/image/upload/s--848oCPbr--/w_900/gj1xj2pdrzzaxckycber.jpg,https://images.salsify.com/image/upload/s--848oCPbr--/w_900/gj1xj2pdrzzaxckycber.jpg; https://images.salsify.com/image/upload/s--fbhsOmOE--/w_900/v1qgpynmkykxwwjrn83w.jpg; https://images.salsify.com/image/upload/s--kdJnvJcm--/w_900/vspmkrhwolmbuimk7dck.jpg; https://images.salsify.com/image/upload/s--iH9iL87Q--/w_900/e8tjuqldlsmkbhvtrvse.jpg; https://images.salsify.com/image/upload/s--mXTbtlgp--/w_900/oatpclp1t2oh33lzz0bo.jpg; https://images.salsify.com/image/upload/s--Gz2Hh8jQ--/w_900/k1kgi4fpkxg6v8mxpbwe.jpg; https://images.salsify.com/image/upload/s--ENidOc_h--/w_900/uolfhisgg8o90mhzvgzc.jpg,Ultum Nature Systems
75P,,UNS-75P-RIMLESS-TANK-30-17-17-36G,UNS 75P RIMLESS TANK 30*17*17 36G,150,706,525.99,http://d56ygyjv466yj.cloudfront.net/thumb/111960_t.jpg,http://d56ygyjv466yj.cloudfront.net/thumb/111960_t.jpg,Ultum Nature Systems
30C,8.64E+10,UNS-RIMLESS-CUBE-11-11-11,UNS RIMLESS CUBE 11*11*11,150,706,88.99,https://images.salsify.com/image/upload/s--ys7k8ZPn--/w_900/l9c9lzakeudagknwzi7i.jpg,https://images.salsify.com/image/upload/s--ys7k8ZPn--/w_900/l9c9lzakeudagknwzi7i.jpg; https://images.salsify.com/image/upload/s--bCsjWjYG--/w_900/cbixgvlwo3yvblxuuys0.jpg; https://images.salsify.com/image/upload/s--v5QLjfOO--/w_900/ffwbfgnngkw07xhcnsey.jpg; https://images.salsify.com/image/upload/s--XEbEZKdw--/w_900/f1bss3aj59ggjw739o3m.jpg; https://images.salsify.com/image/upload/s--KXq13ZD1--/w_900/xkm3brvbczohjimihrvu.jpg; https://images.salsify.com/image/upload/s--f5wPJfWd--/w_900/d2u61phmtge8bys27rj2.jpg; https://images.salsify.com/image/upload/s--6jN_qBj4--/w_900/npsmgwpfnscz3odaszoj.jpg; https://images.salsify.com/image/upload/s--iiA3H-vW--/w_900/apeorzdoi0mfziej5jtn.jpg; https://images.salsify.com/image/upload/s--2sYaCXvI--/w_900/to42kvozoq5ohsyqctnp.jpg; https://images.salsify.com/image/upload/s--42bsa4z---/w_900/ypkaqr9aukie3bhszwto.jpg; https://images.salsify.com/image/upload/s--DcPCGfvJ--/w_900/x0epvxqitmfyysf6dqdh.jpg; https://images.salsify.com/image/upload/s---ebpRRsC--/w_900/zofr99huzvb8it4jztmv.jpg,Ultum Nature Systems
30A,8.10E+11,UNS-TANK-TRIMLESS-30A-AIO,UNS TANK TRIMLESS 30A AIO,150,706,164.99,https://images.salsify.com/image/upload/s--9nrjSel0--/w_900/zg4ogyiqzat7qiapm9ud.jpg,https://images.salsify.com/image/upload/s--GKYvO5fp--/w_900/sbtzq4o3t5nhvretzl6e.jpg; https://images.salsify.com/image/upload/s--9nrjSel0--/w_900/zg4ogyiqzat7qiapm9ud.jpg,Ultum Nature Systems
45A,8.10E+11,UNS-TANK-TRIMLESS-45A-AIO,UNS TANK TRIMLESS 45A AIO,150,706,187.99,https://images.salsify.com/image/upload/s--cHn8Gx0b--/w_900/qn7gwtjbegl5weafvfm1.jpg,https://images.salsify.com/image/upload/s--AeeKMw6J--/w_900/oq9tczbuzjrirab6y9pl.jpg; https://images.salsify.com/image/upload/s--cHn8Gx0b--/w_900/qn7gwtjbegl5weafvfm1.jpg,Ultum Nature Systems
60S,8.51E+11,UNS-TANK-TRIMLESS-SHALLOW,UNS TANK TRIMLESS SHALLOW,150,706,142.99,https://images.salsify.com/image/upload/s--fnqaEuSk--/w_900/oew8kgxjsq8forimj8wa.jpg,https://images.salsify.com/image/upload/s--GgPozToc--/w_900/kviafjbozf1ok4zz7dyv.jpg; https://images.salsify.com/image/upload/s--GpEFaaku--/w_900/w8o5ogsvf8mipkxwn0cx.jpg; https://images.salsify.com/image/upload/s--Aq8YX_b_--/w_900/aqydu7sumbsscchvklw6.jpg; https://images.salsify.com/image/upload/s--jLhVmJDk--/w_900/iyv92aaznkczicquxee6.jpg; https://images.salsify.com/image/upload/s--BBqNbpzr--/w_900/uxdditkqxpnn4sucutwu.jpg; https://images.salsify.com/image/upload/s--59Z7d5Va--/w_900/dfxrirepzru8jgkcys5i.jpg; https://images.salsify.com/image/upload/s--fnqaEuSk--/w_900/oew8kgxjsq8forimj8wa.jpg,Ultum Nature Systems
16T,8.10E+11,UNS-TANK-TRIMLESS-TALL,UNS TANK TRIMLESS TALL,150,706,44.99,https://cdn4.volusion.store/tpkd3-zys9r/v/vspfiles/photos/ICE68050-1.png?v-cache=1699280550,https://cdn4.volusion.store/tpkd3-zys9r/v/vspfiles/photos/ICE68050-1.png?v-cache=1699280550,Ultum Nature Systems
5S,8.10E+11,UNS-TANK-TRIMLESS-SHALLOW,UNS TANK TRIMLESS SHALLOW,150,706,49.99,https://cdn4.volusion.store/tpkd3-zys9r/v/vspfiles/photos/ICE68051-1.png?v-cache=1699280550,https://cdn4.volusion.store/tpkd3-zys9r/v/vspfiles/photos/ICE68051-1.png?v-cache=1699280550,Ultum Nature Systems
25S,8.10E+11,UNS-TANK-TRIMLESS-SHALLOW,UNS TANK TRIMLESS SHALLOW,150,706,59.99,https://images.salsify.com/image/upload/s--1nNIrZC3--/w_900/dpbd01gumo7yb8ugkuar.jpg,https://images.salsify.com/image/upload/s--1nNIrZC3--/w_900/dpbd01gumo7yb8ugkuar.jpg,Ultum Nature Systems
8.51E+10,8.51E+11,UNS-CONTROSOIL-BLACK-NORM1L,UNS CONTROSOIL BLACK NORM1L,130,706,21.99,https://images.salsify.com/image/upload/s--3VVRBMEm--/w_900/sjyhzdeen7n1pyhueja2.jpg,https://images.salsify.com/image/upload/s--3VVRBMEm--/w_900/sjyhzdeen7n1pyhueja2.jpg; https://images.salsify.com/image/upload/s--GzbqBMOQ--/w_900/gugpev1kzy5kbshgaimh.jpg; https://images.salsify.com/image/upload/s--UvM-M8G5--/w_900/stjooabhrgcsb81csuui.jpg; https://images.salsify.com/image/upload/s--ZVCF8tho--/w_900/zx1cbzfqnifwg0srxuom.jpg; https://images.salsify.com/image/upload/s--JuuQmdC0--/w_900/shzb3umh3vppfg0flgue.jpg; https://images.salsify.com/image/upload/s--TqQIIJQ7--/w_900/asqdnmtnfohdaa1mdhma.jpg; https://images.salsify.com/image/upload/s--pR4DYGJu--/w_900/oulo96uhovywikgejrqv.jpg; https://images.salsify.com/image/upload/s--39xnk2eC--/w_900/h74lzhcy7atm2u73n8zc.jpg; https://images.salsify.com/image/upload/s--cyQyiJak--/w_900/klixzezgrjiztwyrlh4o.jpg; https://images.salsify.com/image/upload/s--fsFy9oxe--/w_900/skzeh7jhcdtrwqk093wk.jpg; https://images.salsify.com/image/upload/s--mom15DR6--/w_900/ycdmtjyy0srmd9qskmob.jpg; https://images.salsify.com/image/upload/s--kMiyqEN6--/w_900/nlilxgim9duti1ulail8.jpg; https://images.salsify.com/image/upload/s--l2r6mtKs--/w_900/ob64gbnqri0ppc6lm7x8.jpg; https://images.salsify.com/image/upload/s--p4Q8nAZM--/w_900/icgeifmwvarckf7irrpx.jpg; https://images.salsify.com/image/upload/s--uDhHmBDJ--/w_900/vl2mqudiwkfk4z0egsvz.jpg; https://images.salsify.com/image/upload/s--sv9BsNXP--/w_900/hbkjbhuligvlzvvd6afy.jpg; https://images.salsify.com/image/upload/s--8FBqdbGc--/w_900/s31almyko1caadaied23.jpg,Ultum Nature Systems
8.51E+10,8.51E+11,UNS-CONTROSOIL-BLACK-FINE-1L,UNS CONTROSOIL BLACK FINE 1L,130,706,21.99,https://cdn4.volusion.store/tpkd3-zys9r/v/vspfiles/photos/SC85170-1.png?v-cache=1755259161,https://cdn4.volusion.store/tpkd3-zys9r/v/vspfiles/photos/SC85170-1.png?v-cache=1755259161,Ultum Nature Systems
8.51E+10,8.51E+11,UNS-CONTROSOIL-BLACK-XTRA-FINE-1L,UNS CONTROSOIL BLACK XTRA FINE 1L,130,706,21.99,https://images.salsify.com/image/upload/s--GzbqBMOQ--/w_900/gugpev1kzy5kbshgaimh.jpg,https://images.salsify.com/image/upload/s--3VVRBMEm--/w_900/sjyhzdeen7n1pyhueja2.jpg; https://images.salsify.com/image/upload/s--GzbqBMOQ--/w_900/gugpev1kzy5kbshgaimh.jpg; https://images.salsify.com/image/upload/s--UvM-M8G5--/w_900/stjooabhrgcsb81csuui.jpg; https://images.salsify.com/image/upload/s--ZVCF8tho--/w_900/zx1cbzfqnifwg0srxuom.jpg; https://images.salsify.com/image/upload/s--JuuQmdC0--/w_900/shzb3umh3vppfg0flgue.jpg; https://images.salsify.com/image/upload/s--TqQIIJQ7--/w_900/asqdnmtnfohdaa1mdhma.jpg; https://images.salsify.com/image/upload/s--pR4DYGJu--/w_900/oulo96uhovywikgejrqv.jpg; https://images.salsify.com/image/upload/s--39xnk2eC--/w_900/h74lzhcy7atm2u73n8zc.jpg; https://images.salsify.com/image/upload/s--cyQyiJak--/w_900/klixzezgrjiztwyrlh4o.jpg; https://images.salsify.com/image/upload/s--fsFy9oxe--/w_900/skzeh7jhcdtrwqk093wk.jpg; https://images.salsify.com/image/upload/s--mom15DR6--/w_900/ycdmtjyy0srmd9qskmob.jpg; https://images.salsify.com/image/upload/s--kMiyqEN6--/w_900/nlilxgim9duti1ulail8.jpg; https://images.salsify.com/image/upload/s--l2r6mtKs--/w_900/ob64gbnqri0ppc6lm7x8.jpg; https://images.salsify.com/image/upload/s--p4Q8nAZM--/w_900/icgeifmwvarckf7irrpx.jpg; https://images.salsify.com/image/upload/s--uDhHmBDJ--/w_900/vl2mqudiwkfk4z0egsvz.jpg; https://images.salsify.com/image/upload/s--sv9BsNXP--/w_900/hbkjbhuligvlzvvd6afy.jpg; https://images.salsify.com/image/upload/s--8FBqdbGc--/w_900/s31almyko1caadaied23.jpg,Ultum Nature Systems
60A,8.10E+11,UNS-ULTRA-CLEAR-AIO-TANK,UNS ULTRA CLEAR AIO TANK,150,706,285.99,https://images.salsify.com/image/upload/s--LAIdp7Pw--/w_900/ebuna3ouxjoszhvkphcl.jpg,https://images.salsify.com/image/upload/s--LAIdp7Pw--/w_900/ebuna3ouxjoszhvkphcl.jpg; https://images.salsify.com/image/upload/s--GpEFaaku--/w_900/w8o5ogsvf8mipkxwn0cx.jpg; https://images.salsify.com/image/upload/s--Aq8YX_b_--/w_900/aqydu7sumbsscchvklw6.jpg; https://images.salsify.com/image/upload/s--jLhVmJDk--/w_900/iyv92aaznkczicquxee6.jpg; https://images.salsify.com/image/upload/s--1STxKS5k--/w_900/il1slcmw3dtbqxlfxj6w.jpg; https://images.salsify.com/image/upload/s--59Z7d5Va--/w_900/dfxrirepzru8jgkcys5i.jpg; https://images.salsify.com/image/upload/s--fnqaEuSk--/w_900/oew8kgxjsq8forimj8wa.jpg,Ultum Nature Systems
8.51E+10,8.51E+11,UNS-CONTROSOIL-BROWN-NORMAL1L,UNS CONTROSOIL BROWN NORMAL1L,140,706,21.99,https://images.salsify.com/image/upload/s--TCzst-LS--/w_900/md6otbxdubrmyexqez8q.jpg,https://images.salsify.com/image/upload/s--dQ_Hosp2--/w_900/ejhvfuhmnehdeqmcronb.jpg; https://images.salsify.com/image/upload/s--M8prXm2w--/w_900/xel7jdpuymcjnsmcerep.jpg; https://images.salsify.com/image/upload/s--bb6nZcOE--/w_900/f0cenhif7ifwiavwfg4e.jpg; https://images.salsify.com/image/upload/s--_jNe3Iff--/w_900/p9uctmppy1jet21ptrru.jpg; https://images.salsify.com/image/upload/s--a2UHrOjT--/w_900/u7aeiiljvjvrxwdevurb.jpg; https://images.salsify.com/image/upload/s--3l5zn-Kj--/w_900/q5my0rknyoflxjw2p4ge.jpg; https://images.salsify.com/image/upload/s--TCzst-LS--/w_900/md6otbxdubrmyexqez8q.jpg; https://images.salsify.com/image/upload/s--Q3gYWZ7H--/w_900/e6orushzw4qnxkudxjam.jpg; https://images.salsify.com/image/upload/s--1MLngj8q--/w_900/cpcgkmlgoynleymqk00t.jpg,Ultum Nature Systems
8.51E+10,8.51E+11,UNS-CONTROSOIL-BROWN-FINE-1L,UNS CONTROSOIL BROWN FINE 1L,130,706,21.99,https://images.salsify.com/image/upload/s--Q3gYWZ7H--/w_900/e6orushzw4qnxkudxjam.jpg,https://images.salsify.com/image/upload/s--dQ_Hosp2--/w_900/ejhvfuhmnehdeqmcronb.jpg; https://images.salsify.com/image/upload/s--M8prXm2w--/w_900/xel7jdpuymcjnsmcerep.jpg; https://images.salsify.com/image/upload/s--bb6nZcOE--/w_900/f0cenhif7ifwiavwfg4e.jpg; https://images.salsify.com/image/upload/s--_jNe3Iff--/w_900/p9uctmppy1jet21ptrru.jpg; https://images.salsify.com/image/upload/s--a2UHrOjT--/w_900/u7aeiiljvjvrxwdevurb.jpg; https://images.salsify.com/image/upload/s--3l5zn-Kj--/w_900/q5my0rknyoflxjw2p4ge.jpg; https://images.salsify.com/image/upload/s--TCzst-LS--/w_900/md6otbxdubrmyexqez8q.jpg; https://images.salsify.com/image/upload/s--Q3gYWZ7H--/w_900/e6orushzw4qnxkudxjam.jpg; https://images.salsify.com/image/upload/s--1MLngj8q--/w_900/cpcgkmlgoynleymqk00t.jpg,Ultum Nature Systems
8.10E+10,8.10E+11,UNS-DELTA-60-CANISTER-FILTER,UNS DELTA 60 CANISTER FILTER,140,706,124.99,https://images.salsify.com/image/upload/s--gc7Zc5t4--/w_900/jnfqofzgxdxvhspoa0ec.jpg,https://images.salsify.com/image/upload/s--gc7Zc5t4--/w_900/jnfqofzgxdxvhspoa0ec.jpg,Ultum Nature Systems
8.51E+10,,UNS-CONTROSOIL-BROWN-XTRA-FINE-1L,UNS CONTROSOIL BROWN XTRA FINE 1L,130,706,21.99,https://images.salsify.com/image/upload/s--1MLngj8q--/w_900/cpcgkmlgoynleymqk00t.jpg,https://images.salsify.com/image/upload/s--dQ_Hosp2--/w_900/ejhvfuhmnehdeqmcronb.jpg; https://images.salsify.com/image/upload/s--M8prXm2w--/w_900/xel7jdpuymcjnsmcerep.jpg; https://images.salsify.com/image/upload/s--bb6nZcOE--/w_900/f0cenhif7ifwiavwfg4e.jpg; https://images.salsify.com/image/upload/s--_jNe3Iff--/w_900/p9uctmppy1jet21ptrru.jpg; https://images.salsify.com/image/upload/s--a2UHrOjT--/w_900/u7aeiiljvjvrxwdevurb.jpg; https://images.salsify.com/image/upload/s--3l5zn-Kj--/w_900/q5my0rknyoflxjw2p4ge.jpg; https://images.salsify.com/image/upload/s--TCzst-LS--/w_900/md6otbxdubrmyexqez8q.jpg; https://images.salsify.com/image/upload/s--Q3gYWZ7H--/w_900/e6orushzw4qnxkudxjam.jpg; https://images.salsify.com/image/upload/s--1MLngj8q--/w_900/cpcgkmlgoynleymqk00t.jpg,Ultum Nature Systems
8.81E+12,8.81E+12,UNS-NEO-CO2-DIY-KIT,UNS NEO CO2 DIY KIT,140,706,29.99,https://images.salsify.com/image/upload/s--oxV1tTgW--/w_900/a6qjrvkghvgpigbyzxnj.jpg,https://images.salsify.com/image/upload/s--oxV1tTgW--/w_900/a6qjrvkghvgpigbyzxnj.jpg,Ultum Nature Systems
8.81E+12,8.81E+12,UNS-NEO-CO2-DIY-REFILL,UNS NEO CO2 DIY REFILL,140,706,19.99,http://d56ygyjv466yj.cloudfront.net/thumb/108589_t.jpg,http://d56ygyjv466yj.cloudfront.net/thumb/108589_t.jpg,Ultum Nature Systems
8.81E+12,8.81E+12,UNS-NEO-PLANT-TABS-70G,UNS NEO PLANT TABS 70G,140,706,15.99,https://images.salsify.com/image/upload/s--xiEz06lN--/w_900/utrzs5pv3ibltszdzbav.jpg,https://images.salsify.com/image/upload/s--xiEz06lN--/w_900/utrzs5pv3ibltszdzbav.jpg,Ultum Nature Systems
8.81E+12,8.81E+12,UNS-NEO-DIFFUSER-MD-EXTND,UNS NEO DIFFUSER MD EXTND,140,706,19.99,https://images.salsify.com/image/upload/s--uI5V8xdK--/w_900/masozjtuovk0xvroyvmd.jpg,https://images.salsify.com/image/upload/s--uI5V8xdK--/w_900/masozjtuovk0xvroyvmd.jpg,Ultum Nature Systems
8.10E+10,8.10E+11,UNS-REGULATOR-MINI-DUAL-STAGE,UNS REGULATOR MINI DUAL STAGE,140,706,159.99,https://images.salsify.com/image/upload/s--ULxH5wcl--/w_900/4a699b17abde6b9b7bb0ebe42da680cdbb831572.jpg,https://images.salsify.com/image/upload/s--0o9wIcm3--/w_900/c83ec023515ee05021d76a120368682bca221964.jpg; https://images.salsify.com/image/upload/s--ULxH5wcl--/w_900/4a699b17abde6b9b7bb0ebe42da680cdbb831572.jpg,Ultum Nature Systems
8.51E+10,8.51E+11,UNS-REGULATOR-PRO-DUAL-STAGE,UNS REGULATOR PRO DUAL STAGE,140,706,219.99,https://images.salsify.com/image/upload/s--UvM-M8G5--/w_900/stjooabhrgcsb81csuui.jpg,https://images.salsify.com/image/upload/s--3VVRBMEm--/w_900/sjyhzdeen7n1pyhueja2.jpg; https://images.salsify.com/image/upload/s--GzbqBMOQ--/w_900/gugpev1kzy5kbshgaimh.jpg; https://images.salsify.com/image/upload/s--UvM-M8G5--/w_900/stjooabhrgcsb81csuui.jpg; https://images.salsify.com/image/upload/s--ZVCF8tho--/w_900/zx1cbzfqnifwg0srxuom.jpg; https://images.salsify.com/image/upload/s--JuuQmdC0--/w_900/shzb3umh3vppfg0flgue.jpg; https://images.salsify.com/image/upload/s--TqQIIJQ7--/w_900/asqdnmtnfohdaa1mdhma.jpg; https://images.salsify.com/image/upload/s--pR4DYGJu--/w_900/oulo96uhovywikgejrqv.jpg; https://images.salsify.com/image/upload/s--39xnk2eC--/w_900/h74lzhcy7atm2u73n8zc.jpg; https://images.salsify.com/image/upload/s--cyQyiJak--/w_900/klixzezgrjiztwyrlh4o.jpg; https://images.salsify.com/image/upload/s--fsFy9oxe--/w_900/skzeh7jhcdtrwqk093wk.jpg; https://images.salsify.com/image/upload/s--mom15DR6--/w_900/ycdmtjyy0srmd9qskmob.jpg; https://images.salsify.com/image/upload/s--kMiyqEN6--/w_900/nlilxgim9duti1ulail8.jpg; https://images.salsify.com/image/upload/s--l2r6mtKs--/w_900/ob64gbnqri0ppc6lm7x8.jpg; https://images.salsify.com/image/upload/s--p4Q8nAZM--/w_900/icgeifmwvarckf7irrpx.jpg; https://images.salsify.com/image/upload/s--uDhHmBDJ--/w_900/vl2mqudiwkfk4z0egsvz.jpg; https://images.salsify.com/image/upload/s--sv9BsNXP--/w_900/hbkjbhuligvlzvvd6afy.jpg; https://images.salsify.com/image/upload/s--8FBqdbGc--/w_900/s31almyko1caadaied23.jpg,Ultum Nature Systems
8.10E+10,8.10E+11,UNS-DELTA-DOUBLE-VALVE-1-2-X-5-8,"UNS DELTA DOUBLE VALVE 1/2 X 5/8""""",140,706,19.99,http://d56ygyjv466yj.cloudfront.net/thumb/103237_t.jpg,http://d56ygyjv466yj.cloudfront.net/thumb/103237_t.jpg,Ultum Nature Systems
8.10E+10,8.10E+11,UNS-DELTA-DOUBLE-VALVE-5-8-140,"UNS DELTA DOUBLE VALVE 5/8"",140""",706,19.99,,https://images.salsify.com/image/upload/s--LRqzAS0X--/w_900/jim8dnoymozpoocsgkg9.jpg,https://images.salsify.com/image/upload/s--LRqzAS0X--/w_900/jim8dnoymozpoocsgkg9.jpg,Ultum Nature Systems
8.10E+10,8.10E+11,UNS-DELTA-DOUBLE-VALVE-1-2-140,"UNS DELTA DOUBLE VALVE 1/2"",140""",706,19.99,,https://images.salsify.com/image/upload/s--5TRndI_c--/w_900/ds4rcmcth0wbzjizstol.jpg,https://images.salsify.com/image/upload/s--5TRndI_c--/w_900/ds4rcmcth0wbzjizstol.jpg,Ultum Nature Systems
8.81E+12,8.81E+12,UNS-NEO-PLANT-TABS-POTASIUM-70G,UNS NEO PLANT TABS POTASIUM 70G,120,706,15.99,https://images.salsify.com/image/upload/s--lWFSHYBf--/w_900/ph5lwqmnjguhscutagb8.jpg,https://images.salsify.com/image/upload/s--lWFSHYBf--/w_900/ph5lwqmnjguhscutagb8.jpg,Ultum Nature Systems
8.81E+12,8.81E+12,UNS-NEO-PLANT-TABS-IRON-70G,UNS NEO PLANT TABS IRON 70G,120,706,15.99,https://images.salsify.com/image/upload/s--oBdVzTW---/w_900/p9qnhtungg5xpjtwve1o.jpg,https://images.salsify.com/image/upload/s--oBdVzTW---/w_900/p9qnhtungg5xpjtwve1o.jpg,Ultum Nature Systems
8.81E+12,8.81E+12,UNS-NEO-PLANT-TABS-STRONG-70G,UNS NEO PLANT TABS STRONG 70G,120,706,15.99,https://images.salsify.com/image/upload/s--FLBPCDA6--/w_900/kafvx4hhjoopy5zrhhvw.jpg,https://images.salsify.com/image/upload/s--FLBPCDA6--/w_900/kafvx4hhjoopy5zrhhvw.jpg,Ultum Nature Systems
16C,8.64E+11,UNS-TANK-TRIMLESS16CUBE-6-6-6,UNS TANK TRIMLESS16CUBE 6*6*6,150,706,47.99,https://images.salsify.com/image/upload/s--1STxKS5k--/w_900/il1slcmw3dtbqxlfxj6w.jpg,https://images.salsify.com/image/upload/s--LAIdp7Pw--/w_900/ebuna3ouxjoszhvkphcl.jpg; https://images.salsify.com/image/upload/s--GpEFaaku--/w_900/w8o5ogsvf8mipkxwn0cx.jpg; https://images.salsify.com/image/upload/s--Aq8YX_b_--/w_900/aqydu7sumbsscchvklw6.jpg; https://images.salsify.com/image/upload/s--jLhVmJDk--/w_900/iyv92aaznkczicquxee6.jpg; https://images.salsify.com/image/upload/s--1STxKS5k--/w_900/il1slcmw3dtbqxlfxj6w.jpg; https://images.salsify.com/image/upload/s--59Z7d5Va--/w_900/dfxrirepzru8jgkcys5i.jpg; https://images.salsify.com/image/upload/s--fnqaEuSk--/w_900/oew8kgxjsq8forimj8wa.jpg,Ultum Nature Systems
8.10E+10,8.10E+11,UNS-DELTA-MINI-SURFACE-SKIMMER,UNS DELTA MINI SURFACE SKIMMER,140,706,29.99,https://images.salsify.com/image/upload/s--7qBNV1aK--/w_900/qjynlszv56tty6bitsfo.jpg,https://images.salsify.com/image/upload/s--7qBNV1aK--/w_900/qjynlszv56tty6bitsfo.jpg; https://images.salsify.com/image/upload/s--kkGKWFlg--/w_900/zz1wohknzd7jqabhw32j.jpg,Ultum Nature Systems
8.10E+10,,UNS-DELTA-30-60-SPONGE-BLK,UNS DELTA 30/60 SPONGE BLK,140,706,6.99,https://cdn4.volusion.store/tpkd3-zys9r/v/vspfiles/photos/ZM32120-1.jpg?v-cache=1699280550,https://cdn4.volusion.store/tpkd3-zys9r/v/vspfiles/photos/ZM32120-1.jpg?v-cache=1699280550,Ultum Nature Systems
8.10E+10,,UNS-DELTA-30-60-CARBON-2PK,UNS DELTA 30/60 CARBON 2PK,140,706,10.99,https://images.salsify.com/image/upload/s--aZNxbwpk--/w_900/wuhjozoiorlfsh6khfwp.jpg,https://images.salsify.com/image/upload/s--aZNxbwpk--/w_900/wuhjozoiorlfsh6khfwp.jpg,Ultum Nature Systems
8.10E+10,,UNS-DELTA-120-SPONGE-BLK,UNS DELTA 120 SPONGE BLK,140,706,7.99,https://images.salsify.com/image/upload/s--Qdqndcuy--/w_900/srahqnwi7hmivybm0jyv.jpg,https://images.salsify.com/image/upload/s--Qdqndcuy--/w_900/srahqnwi7hmivybm0jyv.jpg,Ultum Nature Systems
8.10E+10,,UNS-DELTA-120-SPONGE-GRN,UNS DELTA 120 SPONGE GRN,140,706,7.99,https://images.salsify.com/image/upload/s--4gskko7L--/w_900/ii5hminbj2n1apj5ish0.jpg,https://images.salsify.com/image/upload/s--4gskko7L--/w_900/ii5hminbj2n1apj5ish0.jpg,Ultum Nature Systems
8.10E+10,8.10E+11,UNS-DELTA-90-CANISTER-FILTER,UNS DELTA 90 CANISTER FILTER,140,706,179.99,https://images.salsify.com/image/upload/s--ipMoPeBm--/w_900/gmzlkmvexdjst64tcvr2.jpg,https://images.salsify.com/image/upload/s--ipMoPeBm--/w_900/gmzlkmvexdjst64tcvr2.jpg; https://images.salsify.com/image/upload/s--Wb0zJZhL--/w_900/hdptusceujdkv8wsrcus.jpg; https://images.salsify.com/image/upload/s--fkUCbcd5--/w_900/iyhg6pwxj6pxxkx74eur.jpg; https://images.salsify.com/image/upload/s--LrS-995a--/w_900/ntf1czogp65wxvox2ih5.jpg; https://images.salsify.com/image/upload/s--7Qn0_Sua--/w_900/myqfpwldmp0vkx1v6wtn.jpg; https://images.salsify.com/image/upload/s--r0_Y4NP5--/w_900/czny2zliwdg8cnhxr5x6.jpg; https://images.salsify.com/image/upload/s--TNZTNfzK--/w_900/xbimrygmej3fgingmui6.jpg; https://images.salsify.com/image/upload/s--QjR2CzJ2--/w_900/ncgmwjrmhhizqchtkozg.jpg,Ultum Nature Systems
40C,8.51E+11,UNS-TANK-TRIMLESS-40C-CUBE,UNS TANK TRIMLESS 40C CUBE,150,706,164.99,https://images.salsify.com/image/upload/s--ZVCF8tho--/w_900/zx1cbzfqnifwg0srxuom.jpg,https://images.salsify.com/image/upload/s--3VVRBMEm--/w_900/sjyhzdeen7n1pyhueja2.jpg; https://images.salsify.com/image/upload/s--GzbqBMOQ--/w_900/gugpev1kzy5kbshgaimh.jpg; https://images.salsify.com/image/upload/s--UvM-M8G5--/w_900/stjooabhrgcsb81csuui.jpg; https://images.salsify.com/image/upload/s--ZVCF8tho--/w_900/zx1cbzfqnifwg0srxuom.jpg; https://images.salsify.com/image/upload/s--JuuQmdC0--/w_900/shzb3umh3vppfg0flgue.jpg; https://images.salsify.com/image/upload/s--TqQIIJQ7--/w_900/asqdnmtnfohdaa1mdhma.jpg; https://images.salsify.com/image/upload/s--pR4DYGJu--/w_900/oulo96uhovywikgejrqv.jpg; https://images.salsify.com/image/upload/s--39xnk2eC--/w_900/h74lzhcy7atm2u73n8zc.jpg; https://images.salsify.com/image/upload/s--cyQyiJak--/w_900/klixzezgrjiztwyrlh4o.jpg; https://images.salsify.com/image/upload/s--fsFy9oxe--/w_900/skzeh7jhcdtrwqk093wk.jpg; https://images.salsify.com/image/upload/s--mom15DR6--/w_900/ycdmtjyy0srmd9qskmob.jpg; https://images.salsify.com/image/upload/s--kMiyqEN6--/w_900/nlilxgim9duti1ulail8.jpg; https://images.salsify.com/image/upload/s--l2r6mtKs--/w_900/ob64gbnqri0ppc6lm7x8.jpg; https://images.salsify.com/image/upload/s--p4Q8nAZM--/w_900/icgeifmwvarckf7irrpx.jpg; https://images.salsify.com/image/upload/s--uDhHmBDJ--/w_900/vl2mqudiwkfk4z0egsvz.jpg; https://images.salsify.com/image/upload/s--sv9BsNXP--/w_900/hbkjbhuligvlzvvd6afy.jpg; https://images.salsify.com/image/upload/s--8FBqdbGc--/w_900/s31almyko1caadaied23.jpg,Ultum Nature Systems
90B,8.10E+11,UNS-TANK-TRIMLESS-90B,UNS TANK TRIMLESS 90B,150,706,159.99,https://cdn4.volusion.store/tpkd3-zys9r/v/vspfiles/photos/SS00051-1.png?v-cache=1735304952,https://cdn4.volusion.store/tpkd3-zys9r/v/vspfiles/photos/SS00051-1.png?v-cache=1735304952,Ultum Nature Systems
60L,,UNS-TANK-RIMLESS-24X8X8,UNS TANK RIMLESS 24X8X8,150,706,99.99,https://cdn4.volusion.store/tpkd3-zys9r/v/vspfiles/photos/SS99951-1.png?v-cache=1735304855,https://cdn4.volusion.store/tpkd3-zys9r/v/vspfiles/photos/SS99951-1.png?v-cache=1735304855,Ultum Nature Systems
25C,8.64E+10,UNS-TANK-RIMLESS-4-1G,UNS TANK RIMLESS 4.1G,150,706,69.99,https://cdn4.volusion.store/tpkd3-zys9r/v/vspfiles/photos/JBJ62920-1.jpg?v-cache=1699280550,https://cdn4.volusion.store/tpkd3-zys9r/v/vspfiles/photos/JBJ62920-1.jpg?v-cache=1699280550,Ultum Nature Systems
8.10E+10,,UNS-GLASS-LID-W-CLIPS-LID-60A,UNS GLASS LID W/CLIPS LID 60A,130,706,24.99,https://images.salsify.com/image/upload/s--SdwSQtjc--/w_900/zsqtqr3pjl39q8kmro3t.jpg,https://images.salsify.com/image/upload/s--SdwSQtjc--/w_900/zsqtqr3pjl39q8kmro3t.jpg,Ultum Nature Systems
8.81E+12,8.81E+12,UNS-NEO-CURVED-DIFFUSER-TINY-SM,UNS NEO CURVED DIFFUSER TINY SM,140,706,24.99,https://images.salsify.com/image/upload/s--sTulH044--/w_900/wrjd36epgmzibpxnqvm7.jpg,https://images.salsify.com/image/upload/s--sTulH044--/w_900/wrjd36epgmzibpxnqvm7.jpg,Ultum Nature Systems
8.81E+12,8.81E+12,UNS-NEO-DIFFUSER-CURVED-TINY-SS,UNS NEO DIFFUSER CURVED TINY SS,140,706,24.99,https://images.salsify.com/image/upload/s--mH5hBUUv--/w_900/xsvscjb88xowx9t3hycz.jpg,https://images.salsify.com/image/upload/s--mH5hBUUv--/w_900/xsvscjb88xowx9t3hycz.jpg,Ultum Nature Systems
8.10E+10,8.10E+11,UNS-STRATA-SEIRYU-STONE-DECOR-2,UNS STRATA-SEIRYU STONE DECOR #2,130,706,79.99,https://images.salsify.com/image/upload/s--XNCbfJDp--/w_900/xmsbfsnq36bnvdrqithm.jpg,https://images.salsify.com/image/upload/s--XNCbfJDp--/w_900/xmsbfsnq36bnvdrqithm.jpg; https://images.salsify.com/image/upload/s--wqCEV51J--/w_900/gdxz87htes7coruq533y.jpg; https://images.salsify.com/image/upload/s--AJh3WNSx--/w_900/ju3tbggv4uhqx2m256k6.jpg; https://images.salsify.com/image/upload/s--qRxVzmjX--/w_900/naaq5nv2pcvmsldvupcp.jpg,Ultum Nature Systems
75S,,UNS-TANK-RIMLESS-29-5X18X12,UNS TANK RIMLESS 29.5x18x12,150,706,384.99,https://images.salsify.com/image/upload/s--bCsjWjYG--/w_900/cbixgvlwo3yvblxuuys0.jpg,https://images.salsify.com/image/upload/s--ys7k8ZPn--/w_900/l9c9lzakeudagknwzi7i.jpg; https://images.salsify.com/image/upload/s--bCsjWjYG--/w_900/cbixgvlwo3yvblxuuys0.jpg; https://images.salsify.com/image/upload/s--v5QLjfOO--/w_900/ffwbfgnngkw07xhcnsey.jpg; https://images.salsify.com/image/upload/s--XEbEZKdw--/w_900/f1bss3aj59ggjw739o3m.jpg; https://images.salsify.com/image/upload/s--KXq13ZD1--/w_900/xkm3brvbczohjimihrvu.jpg; https://images.salsify.com/image/upload/s--f5wPJfWd--/w_900/d2u61phmtge8bys27rj2.jpg; https://images.salsify.com/image/upload/s--6jN_qBj4--/w_900/npsmgwpfnscz3odaszoj.jpg; https://images.salsify.com/image/upload/s--iiA3H-vW--/w_900/apeorzdoi0mfziej5jtn.jpg; https://images.salsify.com/image/upload/s--2sYaCXvI--/w_900/to42kvozoq5ohsyqctnp.jpg; https://images.salsify.com/image/upload/s--42bsa4z---/w_900/ypkaqr9aukie3bhszwto.jpg; https://images.salsify.com/image/upload/s--DcPCGfvJ--/w_900/x0epvxqitmfyysf6dqdh.jpg; https://images.salsify.com/image/upload/s---ebpRRsC--/w_900/zofr99huzvb8it4jztmv.jpg,Ultum Nature Systems
45L,8.10E+11,UNS-TANK-RIMLESS-18X7X7,UNS TANK RIMLESS 18X7X7,150,706,59.99,https://images.salsify.com/image/upload/s--0o9wIcm3--/w_900/c83ec023515ee05021d76a120368682bca221964.jpg,https://images.salsify.com/image/upload/s--0o9wIcm3--/w_900/c83ec023515ee05021d76a120368682bca221964.jpg; https://images.salsify.com/image/upload/s--ULxH5wcl--/w_900/4a699b17abde6b9b7bb0ebe42da680cdbb831572.jpg,Ultum Nature Systems
8.10E+10,8.10E+11,UNS-GLASS-LID-W-CLIPS-90L,UNS GLASS LID W/CLIPS 90L,150,706,32.99,https://cdn4.volusion.store/tpkd3-zys9r/v/vspfiles/photos/AT01867-1.jpg,https://cdn4.volusion.store/tpkd3-zys9r/v/vspfiles/photos/AT01867-1.jpg,Ultum Nature Systems
8.10E+10,8.10E+11,UNS-GLASS-LID-W-CLIPS-60L,UNS GLASS LID W/CLIPS 60L,150,706,20.99,https://cdn4.volusion.store/tpkd3-zys9r/v/vspfiles/photos/AT01868-1.jpg,https://cdn4.volusion.store/tpkd3-zys9r/v/vspfiles/photos/AT01868-1.jpg,Ultum Nature Systems
8.10E+10,,UNS-STAND-90L-BLK,UNS STAND 90L BLK,160,706,579.99,https://images.salsify.com/image/upload/s--nJNhootU--/w_900/byism2apzowms7fpu0kh.jpg,https://images.salsify.com/image/upload/s--nJNhootU--/w_900/byism2apzowms7fpu0kh.jpg; https://images.salsify.com/image/upload/s--DbKliD3p--/w_900/xaqbximez1xshumj0opc.jpg; https://images.salsify.com/image/upload/s--jHD3JC4l--/w_900/rozre4b8wmvcwff32g7v.jpg,Ultum Nature Systems
8.81E+12,8.81E+12,TWINSTAR-LIGHT-900SA-LED-36-186,"TWINSTAR LIGHT 900SA LED 36"",186""",706,329.99,,https://images.salsify.com/image/upload/s--fbhsOmOE--/w_900/v1qgpynmkykxwwjrn83w.jpg,https://images.salsify.com/image/upload/s--848oCPbr--/w_900/gj1xj2pdrzzaxckycber.jpg; https://images.salsify.com/image/upload/s--fbhsOmOE--/w_900/v1qgpynmkykxwwjrn83w.jpg; https://images.salsify.com/image/upload/s--kdJnvJcm--/w_900/vspmkrhwolmbuimk7dck.jpg; https://images.salsify.com/image/upload/s--iH9iL87Q--/w_900/e8tjuqldlsmkbhvtrvse.jpg; https://images.salsify.com/image/upload/s--mXTbtlgp--/w_900/oatpclp1t2oh33lzz0bo.jpg; https://images.salsify.com/image/upload/s--Gz2Hh8jQ--/w_900/k1kgi4fpkxg6v8mxpbwe.jpg; https://images.salsify.com/image/upload/s--ENidOc_h--/w_900/uolfhisgg8o90mhzvgzc.jpg,Ultum Nature Systems
8.10E+10,8.10E+11,UNS-STAND-90P-JET-BLACK,UNS STAND 90P JET BLACK,160,706,693.99,http://d56ygyjv466yj.cloudfront.net/thumb/108528_t.jpg,http://d56ygyjv466yj.cloudfront.net/thumb/108528_t.jpg,Ultum Nature Systems
8.10E+10,8.10E+11,UNS-STAND-90P-NAT-WOOD,UNS STAND 90P NAT WOOD,160,706,715.99,https://images.salsify.com/image/upload/s--1KqkEnkt--/w_900/l5ddocgr3ffcdeoyxuix.jpg,https://images.salsify.com/image/upload/s--1KqkEnkt--/w_900/l5ddocgr3ffcdeoyxuix.jpg,Ultum Nature Systems
8.10E+10,8.10E+11,UNS-STAND-90P-WHITE,UNS STAND 90P WHITE,160,706,693.99,https://cdn4.volusion.store/tpkd3-zys9r/v/vspfiles/photos/SS0150TW-1.png,https://cdn4.volusion.store/tpkd3-zys9r/v/vspfiles/photos/SS0150TW-1.png,Ultum Nature Systems
8.10E+10,8.10E+11,UNS-STAND-60U-JET-BLACK,UNS STAND 60U JET BLACK,160,706,451.99,http://d56ygyjv466yj.cloudfront.net/thumb/108495_t.jpg,http://d56ygyjv466yj.cloudfront.net/thumb/108495_t.jpg,Ultum Nature Systems
8.10E+10,8.10E+11,UNS-STAND-60U-WHITE,UNS STAND 60U WHITE,160,706,451.99,https://cdn4.volusion.store/tpkd3-zys9r/v/vspfiles/photos/SS00040-1.jpg?v-cache=1781637451,https://cdn4.volusion.store/tpkd3-zys9r/v/vspfiles/photos/SS00040-1.jpg?v-cache=1781637451,Ultum Nature Systems
8.10E+10,8.10E+11,UNS-STAND-60U-NAT-WOOD,UNS STAND 60U NAT WOOD,160,706,489.99,https://images.salsify.com/image/upload/s--kRfBJUmQ--/w_900/aetirw3oyrasaeiceaui.jpg,https://images.salsify.com/image/upload/s--kRfBJUmQ--/w_900/aetirw3oyrasaeiceaui.jpg,Ultum Nature Systems
8.10E+10,8.10E+11,UNS-STAND-45U-NAT-WOOD,UNS STAND 45U NAT WOOD,160,706,445.99,https://images.salsify.com/image/upload/s--OznFXvSo--/w_900/qej5x16wrybnopf0w8td.jpg,https://images.salsify.com/image/upload/s--OznFXvSo--/w_900/qej5x16wrybnopf0w8td.jpg,Ultum Nature Systems
8.10E+10,8.10E+11,UNS-STAND-45U-JET-BLACK,UNS STAND 45U JET BLACK,160,706,407.99,http://d56ygyjv466yj.cloudfront.net/thumb/108723_t.jpg,http://d56ygyjv466yj.cloudfront.net/thumb/108723_t.jpg,Ultum Nature Systems
8.10E+10,8.10E+11,UNS-STAND-45U-WHITE,UNS STAND 45U WHITE,160,706,407.99,https://cdn4.volusion.store/tpkd3-zys9r/v/vspfiles/photos/JBJ24425-1.png?v-cache=1699280550,https://cdn4.volusion.store/tpkd3-zys9r/v/vspfiles/photos/JBJ24425-1.png?v-cache=1699280550,Ultum Nature Systems
8.10E+10,8.10E+11,UNS-STAND-90L-BLACK,UNS STAND 90L BLACK,160,706,578.99,http://d56ygyjv466yj.cloudfront.net/thumb/108698_t.jpg,http://d56ygyjv466yj.cloudfront.net/thumb/108698_t.jpg,Ultum Nature Systems
8.10E+10,8.10E+11,UNS-STAND-90L-NAT-WOOD,UNS STAND 90L NAT WOOD,160,706,605.99,https://images.salsify.com/image/upload/s--wfSW53LB--/w_900/mrjubcjnvko4r0jokyhz.jpg,https://images.salsify.com/image/upload/s--wfSW53LB--/w_900/mrjubcjnvko4r0jokyhz.jpg,Ultum Nature Systems
8.10E+10,8.10E+11,UNS-STAND-90L-WHITE,UNS STAND 90L WHITE,160,706,578.99,https://cdn4.volusion.store/tpkd3-zys9r/v/vspfiles/photos/JBJ20931-1.png?v-cache=1746098928,https://cdn4.volusion.store/tpkd3-zys9r/v/vspfiles/photos/JBJ20931-1.png?v-cache=1746098928,Ultum Nature Systems
8.10E+10,8.10E+10,UNS-GLASS-LID-W-CLIPS-90B,UNS GLASS LID W/CLIPS 90B,150,706,27.99,https://cdn4.volusion.store/tpkd3-zys9r/v/vspfiles/photos/AT75073-1.png,https://cdn4.volusion.store/tpkd3-zys9r/v/vspfiles/photos/AT75073-1.png,Ultum Nature Systems
8.10E+10,8.10E+11,UNS-DELTA-30-CANISTER-FILTER,UNS DELTA 30 CANISTER FILTER,140,706,114.99,https://images.salsify.com/image/upload/s--Wb0zJZhL--/w_900/hdptusceujdkv8wsrcus.jpg,https://images.salsify.com/image/upload/s--ipMoPeBm--/w_900/gmzlkmvexdjst64tcvr2.jpg; https://images.salsify.com/image/upload/s--Wb0zJZhL--/w_900/hdptusceujdkv8wsrcus.jpg; https://images.salsify.com/image/upload/s--fkUCbcd5--/w_900/iyhg6pwxj6pxxkx74eur.jpg; https://images.salsify.com/image/upload/s--LrS-995a--/w_900/ntf1czogp65wxvox2ih5.jpg; https://images.salsify.com/image/upload/s--7Qn0_Sua--/w_900/myqfpwldmp0vkx1v6wtn.jpg; https://images.salsify.com/image/upload/s--r0_Y4NP5--/w_900/czny2zliwdg8cnhxr5x6.jpg; https://images.salsify.com/image/upload/s--TNZTNfzK--/w_900/xbimrygmej3fgingmui6.jpg; https://images.salsify.com/image/upload/s--QjR2CzJ2--/w_900/ncgmwjrmhhizqchtkozg.jpg,Ultum Nature Systems
8.10E+10,8.10E+11,UNS-PALUDARIUM-45E,UNS PALUDARIUM 45E,150,706,129.99,https://images.salsify.com/image/upload/s--MqdEWx28--/w_900/z85nto6lt2jyr1rbtc4q.jpg,https://images.salsify.com/image/upload/s--MqdEWx28--/w_900/z85nto6lt2jyr1rbtc4q.jpg,Ultum Nature Systems
8.10E+10,8.10E+11,UNS-PALUDARIUM-60E,UNS PALUDARIUM 60E,150,706,189.99,https://images.salsify.com/image/upload/s--aL3f8pyh--/w_900/f0ygkajfjthyzttd8dvb.jpg,https://images.salsify.com/image/upload/s--aL3f8pyh--/w_900/f0ygkajfjthyzttd8dvb.jpg,Ultum Nature Systems
8.10E+10,8.10E+11,UNS-STAND-40C-NAT-WOOD,UNS STAND 40C NAT WOOD,160,706,439.99,https://images.salsify.com/image/upload/s--YAqDPI20--/w_900/o88nvwbzvy0exm57aolk.jpg,https://images.salsify.com/image/upload/s--YAqDPI20--/w_900/o88nvwbzvy0exm57aolk.jpg,Ultum Nature Systems
8.10E+10,8.10E+11,UNS-STAND-75P-NAT-WOOD,UNS STAND 75P NAT WOOD,160,706,649.99,https://images.salsify.com/image/upload/s--9q0jVTrg--/w_900/y4b68rvxwgfgkus3ouga.jpg,https://images.salsify.com/image/upload/s--9q0jVTrg--/w_900/y4b68rvxwgfgkus3ouga.jpg,Ultum Nature Systems
8.81E+12,,UNS-NEO-PLANT-TABS-ST-LONG-70G,UNS NEO PLANT TABS ST LONG 70G,130,706,15.99,https://images.salsify.com/image/upload/s--kdJnvJcm--/w_900/vspmkrhwolmbuimk7dck.jpg,https://images.salsify.com/image/upload/s--848oCPbr--/w_900/gj1xj2pdrzzaxckycber.jpg; https://images.salsify.com/image/upload/s--fbhsOmOE--/w_900/v1qgpynmkykxwwjrn83w.jpg; https://images.salsify.com/image/upload/s--kdJnvJcm--/w_900/vspmkrhwolmbuimk7dck.jpg; https://images.salsify.com/image/upload/s--iH9iL87Q--/w_900/e8tjuqldlsmkbhvtrvse.jpg; https://images.salsify.com/image/upload/s--mXTbtlgp--/w_900/oatpclp1t2oh33lzz0bo.jpg; https://images.salsify.com/image/upload/s--Gz2Hh8jQ--/w_900/k1kgi4fpkxg6v8mxpbwe.jpg; https://images.salsify.com/image/upload/s--ENidOc_h--/w_900/uolfhisgg8o90mhzvgzc.jpg,Ultum Nature Systems
8.81E+12,,UNS-NEO-SOLUTION-1-300ML,UNS NEO SOLUTION 1 300ML,130,706,19.99,https://images.salsify.com/image/upload/s--iH9iL87Q--/w_900/e8tjuqldlsmkbhvtrvse.jpg,https://images.salsify.com/image/upload/s--848oCPbr--/w_900/gj1xj2pdrzzaxckycber.jpg; https://images.salsify.com/image/upload/s--fbhsOmOE--/w_900/v1qgpynmkykxwwjrn83w.jpg; https://images.salsify.com/image/upload/s--kdJnvJcm--/w_900/vspmkrhwolmbuimk7dck.jpg; https://images.salsify.com/image/upload/s--iH9iL87Q--/w_900/e8tjuqldlsmkbhvtrvse.jpg; https://images.salsify.com/image/upload/s--mXTbtlgp--/w_900/oatpclp1t2oh33lzz0bo.jpg; https://images.salsify.com/image/upload/s--Gz2Hh8jQ--/w_900/k1kgi4fpkxg6v8mxpbwe.jpg; https://images.salsify.com/image/upload/s--ENidOc_h--/w_900/uolfhisgg8o90mhzvgzc.jpg,Ultum Nature Systems
8.81E+12,,UNS-NEO-SOLUTION-FE-300ML,UNS NEO SOLUTION FE 300ML,130,706,19.99,https://images.salsify.com/image/upload/s--mXTbtlgp--/w_900/oatpclp1t2oh33lzz0bo.jpg,https://images.salsify.com/image/upload/s--848oCPbr--/w_900/gj1xj2pdrzzaxckycber.jpg; https://images.salsify.com/image/upload/s--fbhsOmOE--/w_900/v1qgpynmkykxwwjrn83w.jpg; https://images.salsify.com/image/upload/s--kdJnvJcm--/w_900/vspmkrhwolmbuimk7dck.jpg; https://images.salsify.com/image/upload/s--iH9iL87Q--/w_900/e8tjuqldlsmkbhvtrvse.jpg; https://images.salsify.com/image/upload/s--mXTbtlgp--/w_900/oatpclp1t2oh33lzz0bo.jpg; https://images.salsify.com/image/upload/s--Gz2Hh8jQ--/w_900/k1kgi4fpkxg6v8mxpbwe.jpg; https://images.salsify.com/image/upload/s--ENidOc_h--/w_900/uolfhisgg8o90mhzvgzc.jpg,Ultum Nature Systems
120S,,UNS-TANK-RIMLESS-47X24X14,UNS TANK RIMLESS 47X24X14,150,706,824.99,https://images.salsify.com/image/upload/s--XEbEZKdw--/w_900/f1bss3aj59ggjw739o3m.jpg,https://images.salsify.com/image/upload/s--ys7k8ZPn--/w_900/l9c9lzakeudagknwzi7i.jpg; https://images.salsify.com/image/upload/s--bCsjWjYG--/w_900/cbixgvlwo3yvblxuuys0.jpg; https://images.salsify.com/image/upload/s--v5QLjfOO--/w_900/ffwbfgnngkw07xhcnsey.jpg; https://images.salsify.com/image/upload/s--XEbEZKdw--/w_900/f1bss3aj59ggjw739o3m.jpg; https://images.salsify.com/image/upload/s--KXq13ZD1--/w_900/xkm3brvbczohjimihrvu.jpg; https://images.salsify.com/image/upload/s--f5wPJfWd--/w_900/d2u61phmtge8bys27rj2.jpg; https://images.salsify.com/image/upload/s--6jN_qBj4--/w_900/npsmgwpfnscz3odaszoj.jpg; https://images.salsify.com/image/upload/s--iiA3H-vW--/w_900/apeorzdoi0mfziej5jtn.jpg; https://images.salsify.com/image/upload/s--2sYaCXvI--/w_900/to42kvozoq5ohsyqctnp.jpg; https://images.salsify.com/image/upload/s--42bsa4z---/w_900/ypkaqr9aukie3bhszwto.jpg; https://images.salsify.com/image/upload/s--DcPCGfvJ--/w_900/x0epvxqitmfyysf6dqdh.jpg; https://images.salsify.com/image/upload/s---ebpRRsC--/w_900/zofr99huzvb8it4jztmv.jpg,Ultum Nature Systems
90U,,UNS-TANK-RIMLESS-35X22X22,UNS TANK RIMLESS 35X22X22,150,706,770.99,https://images.salsify.com/image/upload/s--KXq13ZD1--/w_900/xkm3brvbczohjimihrvu.jpg,https://images.salsify.com/image/upload/s--ys7k8ZPn--/w_900/l9c9lzakeudagknwzi7i.jpg; https://images.salsify.com/image/upload/s--bCsjWjYG--/w_900/cbixgvlwo3yvblxuuys0.jpg; https://images.salsify.com/image/upload/s--v5QLjfOO--/w_900/ffwbfgnngkw07xhcnsey.jpg; https://images.salsify.com/image/upload/s--XEbEZKdw--/w_900/f1bss3aj59ggjw739o3m.jpg; https://images.salsify.com/image/upload/s--KXq13ZD1--/w_900/xkm3brvbczohjimihrvu.jpg; https://images.salsify.com/image/upload/s--f5wPJfWd--/w_900/d2u61phmtge8bys27rj2.jpg; https://images.salsify.com/image/upload/s--6jN_qBj4--/w_900/npsmgwpfnscz3odaszoj.jpg; https://images.salsify.com/image/upload/s--iiA3H-vW--/w_900/apeorzdoi0mfziej5jtn.jpg; https://images.salsify.com/image/upload/s--2sYaCXvI--/w_900/to42kvozoq5ohsyqctnp.jpg; https://images.salsify.com/image/upload/s--42bsa4z---/w_900/ypkaqr9aukie3bhszwto.jpg; https://images.salsify.com/image/upload/s--DcPCGfvJ--/w_900/x0epvxqitmfyysf6dqdh.jpg; https://images.salsify.com/image/upload/s---ebpRRsC--/w_900/zofr99huzvb8it4jztmv.jpg,Ultum Nature Systems
90S,,UNS-TANK-RIMLESS-35X22X14,UNS TANK RIMLESS 35X22X14,150,706,549.99,https://images.salsify.com/image/upload/s--f5wPJfWd--/w_900/d2u61phmtge8bys27rj2.jpg,https://images.salsify.com/image/upload/s--ys7k8ZPn--/w_900/l9c9lzakeudagknwzi7i.jpg; https://images.salsify.com/image/upload/s--bCsjWjYG--/w_900/cbixgvlwo3yvblxuuys0.jpg; https://images.salsify.com/image/upload/s--v5QLjfOO--/w_900/ffwbfgnngkw07xhcnsey.jpg; https://images.salsify.com/image/upload/s--XEbEZKdw--/w_900/f1bss3aj59ggjw739o3m.jpg; https://images.salsify.com/image/upload/s--KXq13ZD1--/w_900/xkm3brvbczohjimihrvu.jpg; https://images.salsify.com/image/upload/s--f5wPJfWd--/w_900/d2u61phmtge8bys27rj2.jpg; https://images.salsify.com/image/upload/s--6jN_qBj4--/w_900/npsmgwpfnscz3odaszoj.jpg; https://images.salsify.com/image/upload/s--iiA3H-vW--/w_900/apeorzdoi0mfziej5jtn.jpg; https://images.salsify.com/image/upload/s--2sYaCXvI--/w_900/to42kvozoq5ohsyqctnp.jpg; https://images.salsify.com/image/upload/s--42bsa4z---/w_900/ypkaqr9aukie3bhszwto.jpg; https://images.salsify.com/image/upload/s--DcPCGfvJ--/w_900/x0epvxqitmfyysf6dqdh.jpg; https://images.salsify.com/image/upload/s---ebpRRsC--/w_900/zofr99huzvb8it4jztmv.jpg,Ultum Nature Systems
6OT,,UNS-TANK-RIMLESS-23X14X18,UNS TANK RIMLESS 23X14X18,150,706,252.99,https://images.salsify.com/image/upload/s--6jN_qBj4--/w_900/npsmgwpfnscz3odaszoj.jpg,https://images.salsify.com/image/upload/s--ys7k8ZPn--/w_900/l9c9lzakeudagknwzi7i.jpg; https://images.salsify.com/image/upload/s--bCsjWjYG--/w_900/cbixgvlwo3yvblxuuys0.jpg; https://images.salsify.com/image/upload/s--v5QLjfOO--/w_900/ffwbfgnngkw07xhcnsey.jpg; https://images.salsify.com/image/upload/s--XEbEZKdw--/w_900/f1bss3aj59ggjw739o3m.jpg; https://images.salsify.com/image/upload/s--KXq13ZD1--/w_900/xkm3brvbczohjimihrvu.jpg; https://images.salsify.com/image/upload/s--f5wPJfWd--/w_900/d2u61phmtge8bys27rj2.jpg; https://images.salsify.com/image/upload/s--6jN_qBj4--/w_900/npsmgwpfnscz3odaszoj.jpg; https://images.salsify.com/image/upload/s--iiA3H-vW--/w_900/apeorzdoi0mfziej5jtn.jpg; https://images.salsify.com/image/upload/s--2sYaCXvI--/w_900/to42kvozoq5ohsyqctnp.jpg; https://images.salsify.com/image/upload/s--42bsa4z---/w_900/ypkaqr9aukie3bhszwto.jpg; https://images.salsify.com/image/upload/s--DcPCGfvJ--/w_900/x0epvxqitmfyysf6dqdh.jpg; https://images.salsify.com/image/upload/s---ebpRRsC--/w_900/zofr99huzvb8it4jztmv.jpg,Ultum Nature Systems
45T,,UNS-TANK-RIMLESS-18X11X15-11-3,UNS TANK RIMLESS 18X11X15 11.3,150,706,149.99,https://images.salsify.com/image/upload/s--iiA3H-vW--/w_900/apeorzdoi0mfziej5jtn.jpg,https://images.salsify.com/image/upload/s--ys7k8ZPn--/w_900/l9c9lzakeudagknwzi7i.jpg; https://images.salsify.com/image/upload/s--bCsjWjYG--/w_900/cbixgvlwo3yvblxuuys0.jpg; https://images.salsify.com/image/upload/s--v5QLjfOO--/w_900/ffwbfgnngkw07xhcnsey.jpg; https://images.salsify.com/image/upload/s--XEbEZKdw--/w_900/f1bss3aj59ggjw739o3m.jpg; https://images.salsify.com/image/upload/s--KXq13ZD1--/w_900/xkm3brvbczohjimihrvu.jpg; https://images.salsify.com/image/upload/s--f5wPJfWd--/w_900/d2u61phmtge8bys27rj2.jpg; https://images.salsify.com/image/upload/s--6jN_qBj4--/w_900/npsmgwpfnscz3odaszoj.jpg; https://images.salsify.com/image/upload/s--iiA3H-vW--/w_900/apeorzdoi0mfziej5jtn.jpg; https://images.salsify.com/image/upload/s--2sYaCXvI--/w_900/to42kvozoq5ohsyqctnp.jpg; https://images.salsify.com/image/upload/s--42bsa4z---/w_900/ypkaqr9aukie3bhszwto.jpg; https://images.salsify.com/image/upload/s--DcPCGfvJ--/w_900/x0epvxqitmfyysf6dqdh.jpg; https://images.salsify.com/image/upload/s---ebpRRsC--/w_900/zofr99huzvb8it4jztmv.jpg,Ultum Nature Systems
45C,,UNS-TANK-RIMLESS-18X18X18-22-8,UNS TANK RIMLESS 18X18X18 22.8,150,706,219.99,https://images.salsify.com/image/upload/s--2sYaCXvI--/w_900/to42kvozoq5ohsyqctnp.jpg,https://images.salsify.com/image/upload/s--ys7k8ZPn--/w_900/l9c9lzakeudagknwzi7i.jpg; https://images.salsify.com/image/upload/s--bCsjWjYG--/w_900/cbixgvlwo3yvblxuuys0.jpg; https://images.salsify.com/image/upload/s--v5QLjfOO--/w_900/ffwbfgnngkw07xhcnsey.jpg; https://images.salsify.com/image/upload/s--XEbEZKdw--/w_900/f1bss3aj59ggjw739o3m.jpg; https://images.salsify.com/image/upload/s--KXq13ZD1--/w_900/xkm3brvbczohjimihrvu.jpg; https://images.salsify.com/image/upload/s--f5wPJfWd--/w_900/d2u61phmtge8bys27rj2.jpg; https://images.salsify.com/image/upload/s--6jN_qBj4--/w_900/npsmgwpfnscz3odaszoj.jpg; https://images.salsify.com/image/upload/s--iiA3H-vW--/w_900/apeorzdoi0mfziej5jtn.jpg; https://images.salsify.com/image/upload/s--2sYaCXvI--/w_900/to42kvozoq5ohsyqctnp.jpg; https://images.salsify.com/image/upload/s--42bsa4z---/w_900/ypkaqr9aukie3bhszwto.jpg; https://images.salsify.com/image/upload/s--DcPCGfvJ--/w_900/x0epvxqitmfyysf6dqdh.jpg; https://images.salsify.com/image/upload/s---ebpRRsC--/w_900/zofr99huzvb8it4jztmv.jpg,Ultum Nature Systems
5T,,UNS-TANK-RIMLESS-15X9X11-5-4,UNS TANK RIMLESS 15X9X11 5.4,150,706,74.99,https://images.salsify.com/image/upload/s--42bsa4z---/w_900/ypkaqr9aukie3bhszwto.jpg,https://images.salsify.com/image/upload/s--ys7k8ZPn--/w_900/l9c9lzakeudagknwzi7i.jpg; https://images.salsify.com/image/upload/s--bCsjWjYG--/w_900/cbixgvlwo3yvblxuuys0.jpg; https://images.salsify.com/image/upload/s--v5QLjfOO--/w_900/ffwbfgnngkw07xhcnsey.jpg; https://images.salsify.com/image/upload/s--XEbEZKdw--/w_900/f1bss3aj59ggjw739o3m.jpg; https://images.salsify.com/image/upload/s--KXq13ZD1--/w_900/xkm3brvbczohjimihrvu.jpg; https://images.salsify.com/image/upload/s--f5wPJfWd--/w_900/d2u61phmtge8bys27rj2.jpg; https://images.salsify.com/image/upload/s--6jN_qBj4--/w_900/npsmgwpfnscz3odaszoj.jpg; https://images.salsify.com/image/upload/s--iiA3H-vW--/w_900/apeorzdoi0mfziej5jtn.jpg; https://images.salsify.com/image/upload/s--2sYaCXvI--/w_900/to42kvozoq5ohsyqctnp.jpg; https://images.salsify.com/image/upload/s--42bsa4z---/w_900/ypkaqr9aukie3bhszwto.jpg; https://images.salsify.com/image/upload/s--DcPCGfvJ--/w_900/x0epvxqitmfyysf6dqdh.jpg; https://images.salsify.com/image/upload/s---ebpRRsC--/w_900/zofr99huzvb8it4jztmv.jpg,Ultum Nature Systems
3T,,UNS-TANK-RIMLESS-12X8X10-3-4,UNS TANK RIMLESS 12X8X10 3.4,150,706,64.99,https://images.salsify.com/image/upload/s--DcPCGfvJ--/w_900/x0epvxqitmfyysf6dqdh.jpg,https://images.salsify.com/image/upload/s--ys7k8ZPn--/w_900/l9c9lzakeudagknwzi7i.jpg; https://images.salsify.com/image/upload/s--bCsjWjYG--/w_900/cbixgvlwo3yvblxuuys0.jpg; https://images.salsify.com/image/upload/s--v5QLjfOO--/w_900/ffwbfgnngkw07xhcnsey.jpg; https://images.salsify.com/image/upload/s--XEbEZKdw--/w_900/f1bss3aj59ggjw739o3m.jpg; https://images.salsify.com/image/upload/s--KXq13ZD1--/w_900/xkm3brvbczohjimihrvu.jpg; https://images.salsify.com/image/upload/s--f5wPJfWd--/w_900/d2u61phmtge8bys27rj2.jpg; https://images.salsify.com/image/upload/s--6jN_qBj4--/w_900/npsmgwpfnscz3odaszoj.jpg; https://images.salsify.com/image/upload/s--iiA3H-vW--/w_900/apeorzdoi0mfziej5jtn.jpg; https://images.salsify.com/image/upload/s--2sYaCXvI--/w_900/to42kvozoq5ohsyqctnp.jpg; https://images.salsify.com/image/upload/s--42bsa4z---/w_900/ypkaqr9aukie3bhszwto.jpg; https://images.salsify.com/image/upload/s--DcPCGfvJ--/w_900/x0epvxqitmfyysf6dqdh.jpg; https://images.salsify.com/image/upload/s---ebpRRsC--/w_900/zofr99huzvb8it4jztmv.jpg,Ultum Nature Systems
50C,,UNS-TANK-RIMLESS-20X20X20-30-9,UNS TANK RIMLESS 20X20X20 30.9,150,706,429.99,https://images.salsify.com/image/upload/s---ebpRRsC--/w_900/zofr99huzvb8it4jztmv.jpg,https://images.salsify.com/image/upload/s--ys7k8ZPn--/w_900/l9c9lzakeudagknwzi7i.jpg; https://images.salsify.com/image/upload/s--bCsjWjYG--/w_900/cbixgvlwo3yvblxuuys0.jpg; https://images.salsify.com/image/upload/s--v5QLjfOO--/w_900/ffwbfgnngkw07xhcnsey.jpg; https://images.salsify.com/image/upload/s--XEbEZKdw--/w_900/f1bss3aj59ggjw739o3m.jpg; https://images.salsify.com/image/upload/s--KXq13ZD1--/w_900/xkm3brvbczohjimihrvu.jpg; https://images.salsify.com/image/upload/s--f5wPJfWd--/w_900/d2u61phmtge8bys27rj2.jpg; https://images.salsify.com/image/upload/s--6jN_qBj4--/w_900/npsmgwpfnscz3odaszoj.jpg; https://images.salsify.com/image/upload/s--iiA3H-vW--/w_900/apeorzdoi0mfziej5jtn.jpg; https://images.salsify.com/image/upload/s--2sYaCXvI--/w_900/to42kvozoq5ohsyqctnp.jpg; https://images.salsify.com/image/upload/s--42bsa4z---/w_900/ypkaqr9aukie3bhszwto.jpg; https://images.salsify.com/image/upload/s--DcPCGfvJ--/w_900/x0epvxqitmfyysf6dqdh.jpg; https://images.salsify.com/image/upload/s---ebpRRsC--/w_900/zofr99huzvb8it4jztmv.jpg,Ultum Nature Systems
30T,,UNS-TANK-RIMLESS-12X12X18-10,UNS TANK RIMLESS 12X12X18 10,150,706,120.99,https://images.salsify.com/image/upload/s--9FP80LDf--/w_900/cdfnmszqb8g4mgpp8dp5.jpg,https://images.salsify.com/image/upload/s--9FP80LDf--/w_900/cdfnmszqb8g4mgpp8dp5.jpg; https://images.salsify.com/image/upload/s--KS8dwmUH--/w_900/t3jaufyxij8qagqtmuta.jpg; https://images.salsify.com/image/upload/s--vRCAgapc--/w_900/xlczseyvybk1vhbelski.jpg; https://images.salsify.com/image/upload/s--XEbEZKdw--/w_900/f1bss3aj59ggjw739o3m.jpg; https://images.salsify.com/image/upload/s--CHgWbDGP--/w_900/klfmzxveqritnsboparp.jpg; https://images.salsify.com/image/upload/s--49YP9Oj5--/w_900/wy38vq9ggifxcgc8xuiy.jpg; https://images.salsify.com/image/upload/s--6jN_qBj4--/w_900/npsmgwpfnscz3odaszoj.jpg; https://images.salsify.com/image/upload/s--iiA3H-vW--/w_900/apeorzdoi0mfziej5jtn.jpg; https://images.salsify.com/image/upload/s--Tiha5jT_--/w_900/k4cml7aafzzytmsmsr0t.jpg; https://images.salsify.com/image/upload/s--42bsa4z---/w_900/ypkaqr9aukie3bhszwto.jpg; https://images.salsify.com/image/upload/s--DcPCGfvJ--/w_900/x0epvxqitmfyysf6dqdh.jpg; https://images.salsify.com/image/upload/s---ebpRRsC--/w_900/zofr99huzvb8it4jztmv.jpg,Ultum Nature Systems
25T,8.10E+10,UNS-TANK-RIMLESS-10X10X15-5-5,UNS TANK RIMLESS 10X10X15 5.5,150,706,89.99,https://images.salsify.com/image/upload/s--KS8dwmUH--/w_900/t3jaufyxij8qagqtmuta.jpg,https://images.salsify.com/image/upload/s--9FP80LDf--/w_900/cdfnmszqb8g4mgpp8dp5.jpg; https://images.salsify.com/image/upload/s--KS8dwmUH--/w_900/t3jaufyxij8qagqtmuta.jpg; https://images.salsify.com/image/upload/s--vRCAgapc--/w_900/xlczseyvybk1vhbelski.jpg; https://images.salsify.com/image/upload/s--XEbEZKdw--/w_900/f1bss3aj59ggjw739o3m.jpg; https://images.salsify.com/image/upload/s--CHgWbDGP--/w_900/klfmzxveqritnsboparp.jpg; https://images.salsify.com/image/upload/s--49YP9Oj5--/w_900/wy38vq9ggifxcgc8xuiy.jpg; https://images.salsify.com/image/upload/s--6jN_qBj4--/w_900/npsmgwpfnscz3odaszoj.jpg; https://images.salsify.com/image/upload/s--iiA3H-vW--/w_900/apeorzdoi0mfziej5jtn.jpg; https://images.salsify.com/image/upload/s--Tiha5jT_--/w_900/k4cml7aafzzytmsmsr0t.jpg; https://images.salsify.com/image/upload/s--42bsa4z---/w_900/ypkaqr9aukie3bhszwto.jpg; https://images.salsify.com/image/upload/s--DcPCGfvJ--/w_900/x0epvxqitmfyysf6dqdh.jpg; https://images.salsify.com/image/upload/s---ebpRRsC--/w_900/zofr99huzvb8it4jztmv.jpg,Ultum Nature Systems
8.81E+12,8.81E+12,UNS-NEO-U-CLIP-2-PACK-MED,UNS NEO U CLIP 2 PACK MED,140,706,4.99,https://images.salsify.com/image/upload/s--Gz2Hh8jQ--/w_900/k1kgi4fpkxg6v8mxpbwe.jpg,https://images.salsify.com/image/upload/s--848oCPbr--/w_900/gj1xj2pdrzzaxckycber.jpg; https://images.salsify.com/image/upload/s--fbhsOmOE--/w_900/v1qgpynmkykxwwjrn83w.jpg; https://images.salsify.com/image/upload/s--kdJnvJcm--/w_900/vspmkrhwolmbuimk7dck.jpg; https://images.salsify.com/image/upload/s--iH9iL87Q--/w_900/e8tjuqldlsmkbhvtrvse.jpg; https://images.salsify.com/image/upload/s--mXTbtlgp--/w_900/oatpclp1t2oh33lzz0bo.jpg; https://images.salsify.com/image/upload/s--Gz2Hh8jQ--/w_900/k1kgi4fpkxg6v8mxpbwe.jpg; https://images.salsify.com/image/upload/s--ENidOc_h--/w_900/uolfhisgg8o90mhzvgzc.jpg,Ultum Nature Systems
8.81E+12,8.81E+12,UNS-NEO-U-CLIP-2-PACK-LRG,UNS NEO U CLIP 2 PACK LRG,140,706,4.99,https://images.salsify.com/image/upload/s--ENidOc_h--/w_900/uolfhisgg8o90mhzvgzc.jpg,https://images.salsify.com/image/upload/s--848oCPbr--/w_900/gj1xj2pdrzzaxckycber.jpg; https://images.salsify.com/image/upload/s--fbhsOmOE--/w_900/v1qgpynmkykxwwjrn83w.jpg; https://images.salsify.com/image/upload/s--kdJnvJcm--/w_900/vspmkrhwolmbuimk7dck.jpg; https://images.salsify.com/image/upload/s--iH9iL87Q--/w_900/e8tjuqldlsmkbhvtrvse.jpg; https://images.salsify.com/image/upload/s--mXTbtlgp--/w_900/oatpclp1t2oh33lzz0bo.jpg; https://images.salsify.com/image/upload/s--Gz2Hh8jQ--/w_900/k1kgi4fpkxg6v8mxpbwe.jpg; https://images.salsify.com/image/upload/s--ENidOc_h--/w_900/uolfhisgg8o90mhzvgzc.jpg,Ultum Nature Systems
8.81E+12,8.81E+12,UNS-NEO-FLEXIBLE-PIPE-LRG,UNS NEO FLEXIBLE PIPE LRG,140,706,11.99,https://images.salsify.com/image/upload/s--OfaaPuGh--/w_900/gv5c35dw8qwzg6fdbo1e.jpg,https://images.salsify.com/image/upload/s--OfaaPuGh--/w_900/gv5c35dw8qwzg6fdbo1e.jpg,Ultum Nature Systems
8.81E+12,8.81E+12,UNS-NEO-PLANTS-K,UNS NEO PLANTS K,130,706,15.99,https://images.salsify.com/image/upload/s--ZkYSxpLK--/w_900/eeuh7erd2pviieloba6m.jpg,https://images.salsify.com/image/upload/s--ZkYSxpLK--/w_900/eeuh7erd2pviieloba6m.jpg,Ultum Nature Systems
8.81E+12,8.81E+12,NEO-SOLUTION-2,NEO SOLUTION 2,130,706,22.99,https://assets-6c913b8151.cdn.insitecloud.net/a52e22fec550775_lg.jpg,https://assets-6c913b8151.cdn.insitecloud.net/a52e22fec550775_lg.jpg,Ultum Nature Systems
8.81E+12,8.81E+12,NEO-SOLUTION-K-300ML,NEO SOLUTION K 300ML,130,706,19.99,https://images.salsify.com/image/upload/s--pcusAeEw--/w_900/jwpujctcvymlhxl1voxb.jpg,https://images.salsify.com/image/upload/s--pcusAeEw--/w_900/jwpujctcvymlhxl1voxb.jpg,Ultum Nature Systems
8.81E+12,,UNS-NEO-SOLUTION-FE-1000ML,UNS NEO SOLUTION FE 1000ML,120,706,29.99,https://images.salsify.com/image/upload/s--1LqxpFqd--/w_900/kbystc6zecwwsj7ebwft.jpg,https://images.salsify.com/image/upload/s--1LqxpFqd--/w_900/kbystc6zecwwsj7ebwft.jpg; https://images.salsify.com/image/upload/s--6ux408oc--/w_900/te7puie2xfxja4rvvwtt.jpg; https://images.salsify.com/image/upload/s--tADupZl0--/w_900/i3bmrgag2n5qemepcts4.jpg; https://images.salsify.com/image/upload/s--kmtx9wF3--/w_900/t0kczkq6e3jd8jjjvhqb.jpg; https://images.salsify.com/image/upload/s--pCiwNB38--/w_900/kmw4yozi3sipt2tnnhgw.jpg; https://images.salsify.com/image/upload/s--pZg0C825--/w_900/ypctwrkjnocd7qy8hptt.jpg,Ultum Nature Systems
8.89E+12,8.89E+12,DYMAX-GLASS-LILY-PIPE-12-16,DYMAX GLASS LILY PIPE 12/16,140,706,49.99,https://images.salsify.com/image/upload/s--os6RI_Vd--/w_900/l8rg0rus1csobf8dkzgr.jpg,https://images.salsify.com/image/upload/s--144J4_ZM--/w_900/bw9ypiuhajkrxt0hh3sd.jpg; https://images.salsify.com/image/upload/s--2ijB7Jqi--/w_900/yvuccsxajtpe7sfjcya8.jpg; https://images.salsify.com/image/upload/s--dd110piL--/w_900/kaigvhj58mazgfjd2b5q.jpg; https://images.salsify.com/image/upload/s--os6RI_Vd--/w_900/l8rg0rus1csobf8dkzgr.jpg; https://images.salsify.com/image/upload/s--eJxjK9Mn--/w_900/scwlyc9lkmdpl25q7ean.jpg; https://images.salsify.com/image/upload/s--pFjVbiqK--/w_900/xa9evog1kwxbwpvby4vl.jpg; https://images.salsify.com/image/upload/s--xsAQuwJA--/w_900/vmmh01rbyiu5kuuf146d.jpg; https://images.salsify.com/image/upload/s--fpBJ1YB0--/w_900/nuze2o1j4fg7dueax98q.jpg; https://images.salsify.com/image/upload/s--NavkG6JZ--/w_900/ebvhzwakd1ytea0uhgs0.jpg; https://images.salsify.com/image/upload/s--AgJ3rUZO--/w_900/idiltxigetoqhkcut1x8.jpg; https://images.salsify.com/image/upload/s--wcKvVLy2--/w_900/z1ltdb0nsmrqyhe0jhve.jpg,Ultum Nature Systems
8.89E+12,8.89E+12,UNS-DYMAX-GLASS-LILY-PIPE-16-22,UNS DYMAX GLASS LILY PIPE 16/22,140,706,59.99,https://images.salsify.com/image/upload/s--eJxjK9Mn--/w_900/scwlyc9lkmdpl25q7ean.jpg,https://images.salsify.com/image/upload/s--144J4_ZM--/w_900/bw9ypiuhajkrxt0hh3sd.jpg; https://images.salsify.com/image/upload/s--2ijB7Jqi--/w_900/yvuccsxajtpe7sfjcya8.jpg; https://images.salsify.com/image/upload/s--dd110piL--/w_900/kaigvhj58mazgfjd2b5q.jpg; https://images.salsify.com/image/upload/s--os6RI_Vd--/w_900/l8rg0rus1csobf8dkzgr.jpg; https://images.salsify.com/image/upload/s--eJxjK9Mn--/w_900/scwlyc9lkmdpl25q7ean.jpg; https://images.salsify.com/image/upload/s--pFjVbiqK--/w_900/xa9evog1kwxbwpvby4vl.jpg; https://images.salsify.com/image/upload/s--xsAQuwJA--/w_900/vmmh01rbyiu5kuuf146d.jpg; https://images.salsify.com/image/upload/s--fpBJ1YB0--/w_900/nuze2o1j4fg7dueax98q.jpg; https://images.salsify.com/image/upload/s--NavkG6JZ--/w_900/ebvhzwakd1ytea0uhgs0.jpg; https://images.salsify.com/image/upload/s--AgJ3rUZO--/w_900/idiltxigetoqhkcut1x8.jpg; https://images.salsify.com/image/upload/s--wcKvVLy2--/w_900/z1ltdb0nsmrqyhe0jhve.jpg,Ultum Nature Systems
5E,8.10E+11,UNS-PALUDARIUM-5E,UNS PALUDARIUM 5E,150,706,99.99,https://images.salsify.com/image/upload/s--kkGKWFlg--/w_900/zz1wohknzd7jqabhw32j.jpg,https://images.salsify.com/image/upload/s--7qBNV1aK--/w_900/qjynlszv56tty6bitsfo.jpg; https://images.salsify.com/image/upload/s--kkGKWFlg--/w_900/zz1wohknzd7jqabhw32j.jpg,Ultum Nature Systems
8.81E+12,,UNS-NEO-FLEXIBLE-PIPE-MD,UNS NEO FLEXIBLE PIPE MD,130,706,11.99,https://images.salsify.com/image/upload/s--6ux408oc--/w_900/te7puie2xfxja4rvvwtt.jpg,https://images.salsify.com/image/upload/s--1LqxpFqd--/w_900/kbystc6zecwwsj7ebwft.jpg; https://images.salsify.com/image/upload/s--6ux408oc--/w_900/te7puie2xfxja4rvvwtt.jpg; https://images.salsify.com/image/upload/s--tADupZl0--/w_900/i3bmrgag2n5qemepcts4.jpg; https://images.salsify.com/image/upload/s--kmtx9wF3--/w_900/t0kczkq6e3jd8jjjvhqb.jpg; https://images.salsify.com/image/upload/s--pCiwNB38--/w_900/kmw4yozi3sipt2tnnhgw.jpg; https://images.salsify.com/image/upload/s--pZg0C825--/w_900/ypctwrkjnocd7qy8hptt.jpg,Ultum Nature Systems
8.10E+10,8.10E+11,UNS-EOS-NANO-AQUARIUM-LIGHT-5W-RGB,UNS EOS NANO AQUARIUM LIGHT 5W RGB,186,706,39.99,http://d56ygyjv466yj.cloudfront.net/thumb/109389_t.jpg,http://d56ygyjv466yj.cloudfront.net/thumb/109389_t.jpg,Ultum Nature Systems
8.10E+10,8.10E+11,UNS-EOS-NANO-AQUARIUM-LIGHT-7W-RGB,UNS EOS NANO AQUARIUM LIGHT 7W RGB,186,706,49.99,https://cdn4.volusion.store/tpkd3-zys9r/v/vspfiles/photos/RS19003-1.png?v-cache=1733495644,https://cdn4.volusion.store/tpkd3-zys9r/v/vspfiles/photos/RS19003-1.png?v-cache=1733495644,Ultum Nature Systems
8.81E+12,8.81E+12,UNS-NEO-INLET-TUBE-MED,UNS NEO INLET TUBE MED,130,706,8.99,https://images.salsify.com/image/upload/s--tADupZl0--/w_900/i3bmrgag2n5qemepcts4.jpg,https://images.salsify.com/image/upload/s--1LqxpFqd--/w_900/kbystc6zecwwsj7ebwft.jpg; https://images.salsify.com/image/upload/s--6ux408oc--/w_900/te7puie2xfxja4rvvwtt.jpg; https://images.salsify.com/image/upload/s--tADupZl0--/w_900/i3bmrgag2n5qemepcts4.jpg; https://images.salsify.com/image/upload/s--kmtx9wF3--/w_900/t0kczkq6e3jd8jjjvhqb.jpg; https://images.salsify.com/image/upload/s--pCiwNB38--/w_900/kmw4yozi3sipt2tnnhgw.jpg; https://images.salsify.com/image/upload/s--pZg0C825--/w_900/ypctwrkjnocd7qy8hptt.jpg,Ultum Nature Systems
8.81E+12,8.81E+12,UNS-INLET-STRAINER-NEO-LG,UNS INLET STRAINER NEO LG,130,706,8.99,https://images.salsify.com/image/upload/s--kmtx9wF3--/w_900/t0kczkq6e3jd8jjjvhqb.jpg,https://images.salsify.com/image/upload/s--1LqxpFqd--/w_900/kbystc6zecwwsj7ebwft.jpg; https://images.salsify.com/image/upload/s--6ux408oc--/w_900/te7puie2xfxja4rvvwtt.jpg; https://images.salsify.com/image/upload/s--tADupZl0--/w_900/i3bmrgag2n5qemepcts4.jpg; https://images.salsify.com/image/upload/s--kmtx9wF3--/w_900/t0kczkq6e3jd8jjjvhqb.jpg; https://images.salsify.com/image/upload/s--pCiwNB38--/w_900/kmw4yozi3sipt2tnnhgw.jpg; https://images.salsify.com/image/upload/s--pZg0C825--/w_900/ypctwrkjnocd7qy8hptt.jpg,Ultum Nature Systems
8.81E+12,8.81E+13,UNS-NEO-DIFFUSER-ORG-CRVD-LRG,UNS NEO DIFFUSER ORG CRVD LRG,140,706,25.99,https://images.salsify.com/image/upload/s--pCiwNB38--/w_900/kmw4yozi3sipt2tnnhgw.jpg,https://images.salsify.com/image/upload/s--1LqxpFqd--/w_900/kbystc6zecwwsj7ebwft.jpg; https://images.salsify.com/image/upload/s--6ux408oc--/w_900/te7puie2xfxja4rvvwtt.jpg; https://images.salsify.com/image/upload/s--tADupZl0--/w_900/i3bmrgag2n5qemepcts4.jpg; https://images.salsify.com/image/upload/s--kmtx9wF3--/w_900/t0kczkq6e3jd8jjjvhqb.jpg; https://images.salsify.com/image/upload/s--pCiwNB38--/w_900/kmw4yozi3sipt2tnnhgw.jpg; https://images.salsify.com/image/upload/s--pZg0C825--/w_900/ypctwrkjnocd7qy8hptt.jpg,Ultum Nature Systems
8.10E+10,8.10E+11,UNS-STAND-90U-NAT-WOOD,UNS STAND 90U NAT WOOD,160,706,803.99,https://images.salsify.com/image/upload/s--zoyOoZxg--/w_900/wc7icpqeb6vuptjqfl5v.jpg,https://images.salsify.com/image/upload/s--zoyOoZxg--/w_900/wc7icpqeb6vuptjqfl5v.jpg,Ultum Nature Systems
8.81E+12,8.81E+12,UNS-NEO-FLOW-INLET-OUTLED-MED,UNS NEO FLOW INLET/OUTLED MED,140,706,39.99,https://images.salsify.com/image/upload/s--pZg0C825--/w_900/ypctwrkjnocd7qy8hptt.jpg,https://images.salsify.com/image/upload/s--1LqxpFqd--/w_900/kbystc6zecwwsj7ebwft.jpg; https://images.salsify.com/image/upload/s--6ux408oc--/w_900/te7puie2xfxja4rvvwtt.jpg; https://images.salsify.com/image/upload/s--tADupZl0--/w_900/i3bmrgag2n5qemepcts4.jpg; https://images.salsify.com/image/upload/s--kmtx9wF3--/w_900/t0kczkq6e3jd8jjjvhqb.jpg; https://images.salsify.com/image/upload/s--pCiwNB38--/w_900/kmw4yozi3sipt2tnnhgw.jpg; https://images.salsify.com/image/upload/s--pZg0C825--/w_900/ypctwrkjnocd7qy8hptt.jpg,Ultum Nature Systems
8.81E+12,8.81E+12,UNS-NEO-FLOW-INLET-OUTLET-LRG,UNS NEO FLOW INLET/OUTLET LRG,140,706,39.99,http://d56ygyjv466yj.cloudfront.net/thumb/111930_t.jpg,http://d56ygyjv466yj.cloudfront.net/thumb/111930_t.jpg,Ultum Nature Systems
8.10E+10,8.10E+11,UNS-STAND-75P-JET-BLACK,UNS STAND 75P JET BLACK,160,706,639.99,https://cdn4.volusion.store/tpkd3-zys9r/v/vspfiles/photos/AT01960-1.jpg?v-cache=1699280550,https://cdn4.volusion.store/tpkd3-zys9r/v/vspfiles/photos/AT01960-1.jpg?v-cache=1699280550,Ultum Nature Systems
8.10E+10,8.10E+10,UNS-GLASS-LID-W-CLIPS-60U-S-T,UNS GLASS LID W/CLIPS 60U/S/T,150,706,28.99,https://cdn4.volusion.store/tpkd3-zys9r/v/vspfiles/photos/AT75072-1.png,https://cdn4.volusion.store/tpkd3-zys9r/v/vspfiles/photos/AT75072-1.png,Ultum Nature Systems
8.10E+10,8.10E+11,UNS-CONTRASAND-3L-TAHOE-NRML,UNS CONTRASAND 3L TAHOE NRML,130,706,24.99,https://images.salsify.com/image/upload/s--pFjVbiqK--/w_900/xa9evog1kwxbwpvby4vl.jpg,https://images.salsify.com/image/upload/s--144J4_ZM--/w_900/bw9ypiuhajkrxt0hh3sd.jpg; https://images.salsify.com/image/upload/s--2ijB7Jqi--/w_900/yvuccsxajtpe7sfjcya8.jpg; https://images.salsify.com/image/upload/s--dd110piL--/w_900/kaigvhj58mazgfjd2b5q.jpg; https://images.salsify.com/image/upload/s--os6RI_Vd--/w_900/l8rg0rus1csobf8dkzgr.jpg; https://images.salsify.com/image/upload/s--eJxjK9Mn--/w_900/scwlyc9lkmdpl25q7ean.jpg; https://images.salsify.com/image/upload/s--pFjVbiqK--/w_900/xa9evog1kwxbwpvby4vl.jpg; https://images.salsify.com/image/upload/s--xsAQuwJA--/w_900/vmmh01rbyiu5kuuf146d.jpg; https://images.salsify.com/image/upload/s--fpBJ1YB0--/w_900/nuze2o1j4fg7dueax98q.jpg; https://images.salsify.com/image/upload/s--NavkG6JZ--/w_900/ebvhzwakd1ytea0uhgs0.jpg; https://images.salsify.com/image/upload/s--AgJ3rUZO--/w_900/idiltxigetoqhkcut1x8.jpg; https://images.salsify.com/image/upload/s--wcKvVLy2--/w_900/z1ltdb0nsmrqyhe0jhve.jpg,Ultum Nature Systems
8.10E+10,8.10E+11,UNS-CONTRASAND-8L-KONA-NRMAL,UNS CONTRASAND 8L KONA NRMAL,130,706,44.99,https://images.salsify.com/image/upload/s--fkUCbcd5--/w_900/iyhg6pwxj6pxxkx74eur.jpg,https://images.salsify.com/image/upload/s--ipMoPeBm--/w_900/gmzlkmvexdjst64tcvr2.jpg; https://images.salsify.com/image/upload/s--Wb0zJZhL--/w_900/hdptusceujdkv8wsrcus.jpg; https://images.salsify.com/image/upload/s--fkUCbcd5--/w_900/iyhg6pwxj6pxxkx74eur.jpg; https://images.salsify.com/image/upload/s--LrS-995a--/w_900/ntf1czogp65wxvox2ih5.jpg; https://images.salsify.com/image/upload/s--7Qn0_Sua--/w_900/myqfpwldmp0vkx1v6wtn.jpg; https://images.salsify.com/image/upload/s--r0_Y4NP5--/w_900/czny2zliwdg8cnhxr5x6.jpg; https://images.salsify.com/image/upload/s--TNZTNfzK--/w_900/xbimrygmej3fgingmui6.jpg; https://images.salsify.com/image/upload/s--QjR2CzJ2--/w_900/ncgmwjrmhhizqchtkozg.jpg,Ultum Nature Systems
8.10E+10,8.10E+11,UNS-CONTRASAND-KONA-3L-NRML,UNS CONTRASAND KONA 3L NRML,130,706,24.99,https://images.salsify.com/image/upload/s--QcIDRXyD--/w_900/en20fbhdubckdawbs3ky.jpg,https://images.salsify.com/image/upload/s--QcIDRXyD--/w_900/en20fbhdubckdawbs3ky.jpg; https://images.salsify.com/image/upload/s--wC7d_3xD--/w_900/madga8vpijfu9pid01ar.jpg; https://images.salsify.com/image/upload/s--1o8twPeN--/w_900/yenscjigfexc2lbyj0zn.jpg; https://images.salsify.com/image/upload/s--G9J7IZmv--/w_900/r2x1qxsic4ftjubajbfa.jpg; https://images.salsify.com/image/upload/s--BwrmE7Un--/w_900/agfrqxoxlijl4gbu0xn7.jpg; https://images.salsify.com/image/upload/s--kNkouNm8--/w_900/ccqwekdrhtozk7ditaxk.jpg; https://images.salsify.com/image/upload/s--xZMervkl--/w_900/sqbwysq4aj3yyi3xnrbh.jpg; https://images.salsify.com/image/upload/s--eVXhO9Cf--/w_900/fv8xkip3yp5noyur59m4.jpg; https://images.salsify.com/image/upload/s--ZqxZ9TYU--/w_900/tjge3d74dosbfpiaukxd.jpg; https://images.salsify.com/image/upload/s--WPUpJMfS--/w_900/bpp3cdif4jnm0tiekhas.jpg; https://images.salsify.com/image/upload/s--Z7rYO-st--/w_900/msarublp1qgx0ud7jj0q.jpg; https://images.salsify.com/image/upload/s--BE7ysbAL--/w_900/yqnwkxszp3ttq2ko78sc.jpg; https://images.salsify.com/image/upload/s--HDNnN7nJ--/w_900/wn6pkac3gh0mdg7gcp8j.jpg,Ultum Nature Systems
8.10E+10,8.10E+11,UNS-CONTRASAND-8L-SANTA-FE-NRML,UNS CONTRASAND 8L SANTA FE NRML,130,706,44.99,https://images.salsify.com/image/upload/s--3ERbOPmC--/w_900/rb13u0xa3hiowc7lmjzu.jpg,https://images.salsify.com/image/upload/s--3ERbOPmC--/w_900/rb13u0xa3hiowc7lmjzu.jpg,Ultum Nature Systems
8.10E+10,8.10E+11,UNS-CONTRASAND-8L-MOJAVE-XFINE,UNS CONTRASAND 8L MOJAVE XFINE,130,706,44.99,https://images.salsify.com/image/upload/s--LlUAeSNJ--/w_900/rizb8kwxmtbb1qjl9cfj.jpg,https://images.salsify.com/image/upload/s--kmatBLd2--/w_900/fm3tn2fe3c2dg2rm78vx.jpg; https://images.salsify.com/image/upload/s--LlUAeSNJ--/w_900/rizb8kwxmtbb1qjl9cfj.jpg; https://images.salsify.com/image/upload/s--xS1nkpiG--/w_900/jsrp6vpdtamqmj7i9luf.jpg,Ultum Nature Systems
8.10E+10,8.10E+11,UNS-CONTRASAND-8L-BORA-XFINE,UNS CONTRASAND 8L BORA XFINE,130,706,44.99,https://images.salsify.com/image/upload/s--QI9jPYIc--/w_900/huaarkutmtmxs74g5piq.jpg,https://images.salsify.com/image/upload/s--QI9jPYIc--/w_900/huaarkutmtmxs74g5piq.jpg; https://images.salsify.com/image/upload/s--QGVjS9f9--/w_900/tzvhxidnvyd6cfezsba8.jpg; https://images.salsify.com/image/upload/s--jLOw4drD--/w_900/d9mweda4qchdegfwdvzo.jpg,Ultum Nature Systems
8.10E+10,8.10E+11,UNS-CONTRASAND-3L-BORA-XFINE,UNS CONTRASAND 3L BORA XFINE,130,706,24.99,https://images.salsify.com/image/upload/s--EX7V1R4Q--/w_900/qzsi96izxjddxcyhgqsq.jpg,https://images.salsify.com/image/upload/s--EX7V1R4Q--/w_900/qzsi96izxjddxcyhgqsq.jpg,Ultum Nature Systems
8.10E+10,8.10E+11,UNS-CONTRASAND-3L-MOJAVE-XFINE,UNS CONTRASAND 3L MOJAVE XFINE,130,706,24.99,https://images.salsify.com/image/upload/s--iivHgoQi--/w_900/um3s043ymzzlv3i91iqy.jpg,https://images.salsify.com/image/upload/s--iivHgoQi--/w_900/um3s043ymzzlv3i91iqy.jpg; https://images.salsify.com/image/upload/s--9fzvcowg--/w_900/bkkqnw4fjgegdifrfr7t.jpg; https://images.salsify.com/image/upload/s--VfIKY6nI--/w_900/cgme1bib4juayppmo08a.jpg; https://images.salsify.com/image/upload/s--eoD7MLey--/w_900/vx5ibmo7b9sowxxlx767.jpg; https://images.salsify.com/image/upload/s--B8Q1-TwU--/w_900/irrppyrxyp4vzibyvx2x.jpg; https://images.salsify.com/image/upload/s--T4icne4O--/w_900/xziewobdhls2az0ri9oo.jpg,Ultum Nature Systems
8.10E+10,8.10E+11,UNS-WOOD-DRAGON-SM-TAGGED,UNS WOOD DRAGON SM TAGGED,130,706,15.99,https://images.salsify.com/image/upload/s--BjkkGICL--/w_900/ufyxi2v29wzpbdbeurer.jpg,https://images.salsify.com/image/upload/s--BjkkGICL--/w_900/ufyxi2v29wzpbdbeurer.jpg,Ultum Nature Systems
8.10E+10,8.10E+11,UNS-WOOD-DRAGON-L-TAGGED,UNS WOOD DRAGON L TAGGED,130,706,29.99,https://images.salsify.com/image/upload/s--7uXyioEn--/w_900/p8gkpfdvxotcmvhkg6py.jpg,https://images.salsify.com/image/upload/s--7uXyioEn--/w_900/p8gkpfdvxotcmvhkg6py.jpg,Ultum Nature Systems
8.10E+10,8.10E+11,UNS-SPIDER-WOOD-SLATE-TAGGED-SM,UNS SPIDER WOOD SLATE TAGGED SM,130,706,19.99,https://images.salsify.com/image/upload/s--duUu0sLM--/w_900/qafbncqjrsbvdl1a1tzb.jpg,https://images.salsify.com/image/upload/s--duUu0sLM--/w_900/qafbncqjrsbvdl1a1tzb.jpg,Ultum Nature Systems
8.10E+10,8.10E+11,UNS-SPIDER-WOOD-SLATE-TAGGED-LG,UNS SPIDER WOOD SLATE TAGGED LG,130,706,39.99,https://images.salsify.com/image/upload/s--LqsI2Np5--/w_900/yvgvdmjt6vjreyqrrqxp.jpg,https://images.salsify.com/image/upload/s--LqsI2Np5--/w_900/yvgvdmjt6vjreyqrrqxp.jpg,Ultum Nature Systems
16S,8.10E+11,UNS-TANK-RIMLESS-16S-6-6-4-7G,UNS TANK RIMLESS 16S 6*6*4 .7G,150,706,29.99,https://images.salsify.com/image/upload/s--LrS-995a--/w_900/ntf1czogp65wxvox2ih5.jpg,https://images.salsify.com/image/upload/s--ipMoPeBm--/w_900/gmzlkmvexdjst64tcvr2.jpg; https://images.salsify.com/image/upload/s--Wb0zJZhL--/w_900/hdptusceujdkv8wsrcus.jpg; https://images.salsify.com/image/upload/s--fkUCbcd5--/w_900/iyhg6pwxj6pxxkx74eur.jpg; https://images.salsify.com/image/upload/s--LrS-995a--/w_900/ntf1czogp65wxvox2ih5.jpg; https://images.salsify.com/image/upload/s--7Qn0_Sua--/w_900/myqfpwldmp0vkx1v6wtn.jpg; https://images.salsify.com/image/upload/s--r0_Y4NP5--/w_900/czny2zliwdg8cnhxr5x6.jpg; https://images.salsify.com/image/upload/s--TNZTNfzK--/w_900/xbimrygmej3fgingmui6.jpg; https://images.salsify.com/image/upload/s--QjR2CzJ2--/w_900/ncgmwjrmhhizqchtkozg.jpg,Ultum Nature Systems
20T,8.10E+11,UNS-TANK-RIMLESS-20T-8-8-12-3-2G,UNS TANK RIMLESS 20T 8*8*12 3.2G,150,706,54.99,https://images.salsify.com/image/upload/s--7Qn0_Sua--/w_900/myqfpwldmp0vkx1v6wtn.jpg,https://images.salsify.com/image/upload/s--ipMoPeBm--/w_900/gmzlkmvexdjst64tcvr2.jpg; https://images.salsify.com/image/upload/s--Wb0zJZhL--/w_900/hdptusceujdkv8wsrcus.jpg; https://images.salsify.com/image/upload/s--fkUCbcd5--/w_900/iyhg6pwxj6pxxkx74eur.jpg; https://images.salsify.com/image/upload/s--LrS-995a--/w_900/ntf1czogp65wxvox2ih5.jpg; https://images.salsify.com/image/upload/s--7Qn0_Sua--/w_900/myqfpwldmp0vkx1v6wtn.jpg; https://images.salsify.com/image/upload/s--r0_Y4NP5--/w_900/czny2zliwdg8cnhxr5x6.jpg; https://images.salsify.com/image/upload/s--TNZTNfzK--/w_900/xbimrygmej3fgingmui6.jpg; https://images.salsify.com/image/upload/s--QjR2CzJ2--/w_900/ncgmwjrmhhizqchtkozg.jpg,Ultum Nature Systems
35A,8.10E+10,UNS-TANK-RIMLESS-AIO-14-14-14-11-3G,UNS TANK RIMLESS AIO 14*14*14 11.3G,150,706,189.99,https://cdn4.volusion.store/tpkd3-zys9r/v/vspfiles/photos/JBJ14425-1.png?v-cache=1699280550,https://cdn4.volusion.store/tpkd3-zys9r/v/vspfiles/photos/JBJ14425-1.png?v-cache=1699280550,Ultum Nature Systems
8.10E+10,8.10E+11,UNS-MEDIA-TOWER-DUAL-AIO-60,UNS MEDIA TOWER DUAL AIO 60,140,706,29.99,https://cdn4.volusion.store/tpkd3-zys9r/v/vspfiles/photos/JBJ00025-1.png?v-cache=1746097492,https://cdn4.volusion.store/tpkd3-zys9r/v/vspfiles/photos/JBJ00025-1.png?v-cache=1746097492,Ultum Nature Systems
8.10E+10,8.10E+11,UNS-MEDIA-TOWER-DUAL-AIO-45,UNS MEDIA TOWER DUAL AIO 45,140,706,29.99,https://cdn4.volusion.store/tpkd3-zys9r/v/vspfiles/photos/JBJ13345-1.png?v-cache=1699280550,https://cdn4.volusion.store/tpkd3-zys9r/v/vspfiles/photos/JBJ13345-1.png?v-cache=1699280550,Ultum Nature Systems
8.10E+10,8.10E+11,UNS-MEDIIA-TOWER-DUAL-AIO-35,UNS MEDIIA TOWER DUAL AIO 35,140,706,29.99,https://cdn4.volusion.store/tpkd3-zys9r/v/vspfiles/photos/JBJ23345-1.png?v-cache=1699280550,https://cdn4.volusion.store/tpkd3-zys9r/v/vspfiles/photos/JBJ23345-1.png?v-cache=1699280550,Ultum Nature Systems
8.10E+10,8.10E+11,UNS-MEDIAI-TOWER-DUAL-AIO-40,UNS MEDIAI TOWER DUAL AIO 40,140,706,29.99,https://cdn4.volusion.store/tpkd3-zys9r/v/vspfiles/photos/JBJ20861-1.png?v-cache=1746106290,https://cdn4.volusion.store/tpkd3-zys9r/v/vspfiles/photos/JBJ20861-1.png?v-cache=1746106290,Ultum Nature Systems
90LA,8.10E+11,UNS-TANK-RIMLESS-AIO,UNS TANK RIMLESS AIO,150,706,379.99,https://images.salsify.com/image/upload/s--r0_Y4NP5--/w_900/czny2zliwdg8cnhxr5x6.jpg,https://images.salsify.com/image/upload/s--ipMoPeBm--/w_900/gmzlkmvexdjst64tcvr2.jpg; https://images.salsify.com/image/upload/s--Wb0zJZhL--/w_900/hdptusceujdkv8wsrcus.jpg; https://images.salsify.com/image/upload/s--fkUCbcd5--/w_900/iyhg6pwxj6pxxkx74eur.jpg; https://images.salsify.com/image/upload/s--LrS-995a--/w_900/ntf1czogp65wxvox2ih5.jpg; https://images.salsify.com/image/upload/s--7Qn0_Sua--/w_900/myqfpwldmp0vkx1v6wtn.jpg; https://images.salsify.com/image/upload/s--r0_Y4NP5--/w_900/czny2zliwdg8cnhxr5x6.jpg; https://images.salsify.com/image/upload/s--TNZTNfzK--/w_900/xbimrygmej3fgingmui6.jpg; https://images.salsify.com/image/upload/s--QjR2CzJ2--/w_900/ncgmwjrmhhizqchtkozg.jpg,Ultum Nature Systems
8.10E+10,8.10E+11,UNS-WOOD-DRAGON-MD-TAGGED,UNS WOOD DRAGON MD TAGGED,130,706,21.99,https://images.salsify.com/image/upload/s--0WUL8RV9--/w_900/abyaievwzbqnhcxlejjw.jpg,https://images.salsify.com/image/upload/s--0WUL8RV9--/w_900/abyaievwzbqnhcxlejjw.jpg,Ultum Nature Systems
40A,8.10E+10,UNS-TANK-RIMLESS-15G,UNS TANK RIMLESS 15G,150,706,264.99,https://images.salsify.com/image/upload/s--vRCAgapc--/w_900/xlczseyvybk1vhbelski.jpg,https://images.salsify.com/image/upload/s--9FP80LDf--/w_900/cdfnmszqb8g4mgpp8dp5.jpg; https://images.salsify.com/image/upload/s--KS8dwmUH--/w_900/t3jaufyxij8qagqtmuta.jpg; https://images.salsify.com/image/upload/s--vRCAgapc--/w_900/xlczseyvybk1vhbelski.jpg; https://images.salsify.com/image/upload/s--XEbEZKdw--/w_900/f1bss3aj59ggjw739o3m.jpg; https://images.salsify.com/image/upload/s--CHgWbDGP--/w_900/klfmzxveqritnsboparp.jpg; https://images.salsify.com/image/upload/s--49YP9Oj5--/w_900/wy38vq9ggifxcgc8xuiy.jpg; https://images.salsify.com/image/upload/s--6jN_qBj4--/w_900/npsmgwpfnscz3odaszoj.jpg; https://images.salsify.com/image/upload/s--iiA3H-vW--/w_900/apeorzdoi0mfziej5jtn.jpg; https://images.salsify.com/image/upload/s--Tiha5jT_--/w_900/k4cml7aafzzytmsmsr0t.jpg; https://images.salsify.com/image/upload/s--42bsa4z---/w_900/ypkaqr9aukie3bhszwto.jpg; https://images.salsify.com/image/upload/s--DcPCGfvJ--/w_900/x0epvxqitmfyysf6dqdh.jpg; https://images.salsify.com/image/upload/s---ebpRRsC--/w_900/zofr99huzvb8it4jztmv.jpg,Ultum Nature Systems
8.10E+10,8.10E+11,UNS-STAND-90U-OAK,UNS STAND 90U OAK,160,706,803.99,http://d56ygyjv466yj.cloudfront.net/thumb/108476_t.jpg,http://d56ygyjv466yj.cloudfront.net/thumb/108476_t.jpg,Ultum Nature Systems
8.10E+10,8.10E+11,UNS-STAND-60U-OAK,UNS STAND 60U OAK,160,706,489.99,http://d56ygyjv466yj.cloudfront.net/thumb/108656_t.jpg,http://d56ygyjv466yj.cloudfront.net/thumb/108656_t.jpg,Ultum Nature Systems
8.10E+10,8.10E+11,UNS-FILTER-MIGHTY-XS,UNS FILTER MIGHTY XS,130,706,21.99,https://images.salsify.com/image/upload/s--1S7dvk2B--/w_900/hyvk6um1erjh2fkec1ly.jpg,https://images.salsify.com/image/upload/s--1S7dvk2B--/w_900/hyvk6um1erjh2fkec1ly.jpg; https://images.salsify.com/image/upload/s--9p6up8w_--/w_900/d9a4hd4gngdjecudgoxi.jpg; https://images.salsify.com/image/upload/s--6EaoJIo9--/w_900/ufaueczadgdf4iidrys5.jpg; https://images.salsify.com/image/upload/s--Z5mspjJL--/w_900/usbf5ph8ay6noe1ycknh.jpg,Ultum Nature Systems
8.10E+10,8.10E+11,UNS-FILTER-MIGHT-SM,UNS FILTER MIGHT SM,130,706,24.99,https://images.salsify.com/image/upload/s--xsAQuwJA--/w_900/vmmh01rbyiu5kuuf146d.jpg,https://images.salsify.com/image/upload/s--144J4_ZM--/w_900/bw9ypiuhajkrxt0hh3sd.jpg; https://images.salsify.com/image/upload/s--2ijB7Jqi--/w_900/yvuccsxajtpe7sfjcya8.jpg; https://images.salsify.com/image/upload/s--dd110piL--/w_900/kaigvhj58mazgfjd2b5q.jpg; https://images.salsify.com/image/upload/s--os6RI_Vd--/w_900/l8rg0rus1csobf8dkzgr.jpg; https://images.salsify.com/image/upload/s--eJxjK9Mn--/w_900/scwlyc9lkmdpl25q7ean.jpg; https://images.salsify.com/image/upload/s--pFjVbiqK--/w_900/xa9evog1kwxbwpvby4vl.jpg; https://images.salsify.com/image/upload/s--xsAQuwJA--/w_900/vmmh01rbyiu5kuuf146d.jpg; https://images.salsify.com/image/upload/s--fpBJ1YB0--/w_900/nuze2o1j4fg7dueax98q.jpg; https://images.salsify.com/image/upload/s--NavkG6JZ--/w_900/ebvhzwakd1ytea0uhgs0.jpg; https://images.salsify.com/image/upload/s--AgJ3rUZO--/w_900/idiltxigetoqhkcut1x8.jpg; https://images.salsify.com/image/upload/s--wcKvVLy2--/w_900/z1ltdb0nsmrqyhe0jhve.jpg,Ultum Nature Systems
8.81E+12,8.81E+12,UNS-NEO-DIFFUSER-LG-SPEC-CURVED,UNS NEO DIFFUSER LG SPEC CURVED,130,706,24.99,https://images.salsify.com/image/upload/s--x-vTno_D--/w_900/fe7sypv25edxjenimnqi.jpg,https://images.salsify.com/image/upload/s--x-vTno_D--/w_900/fe7sypv25edxjenimnqi.jpg,Ultum Nature Systems
8.10E+10,8.10E+11,UNS-AW-FILTER-PIPE-SS-NORM-16-5-8,UNS AW FILTER PIPE SS NORM 16/5/8,140,706,54.99,https://images.salsify.com/image/upload/s--fpBJ1YB0--/w_900/nuze2o1j4fg7dueax98q.jpg,https://images.salsify.com/image/upload/s--144J4_ZM--/w_900/bw9ypiuhajkrxt0hh3sd.jpg; https://images.salsify.com/image/upload/s--2ijB7Jqi--/w_900/yvuccsxajtpe7sfjcya8.jpg; https://images.salsify.com/image/upload/s--dd110piL--/w_900/kaigvhj58mazgfjd2b5q.jpg; https://images.salsify.com/image/upload/s--os6RI_Vd--/w_900/l8rg0rus1csobf8dkzgr.jpg; https://images.salsify.com/image/upload/s--eJxjK9Mn--/w_900/scwlyc9lkmdpl25q7ean.jpg; https://images.salsify.com/image/upload/s--pFjVbiqK--/w_900/xa9evog1kwxbwpvby4vl.jpg; https://images.salsify.com/image/upload/s--xsAQuwJA--/w_900/vmmh01rbyiu5kuuf146d.jpg; https://images.salsify.com/image/upload/s--fpBJ1YB0--/w_900/nuze2o1j4fg7dueax98q.jpg; https://images.salsify.com/image/upload/s--NavkG6JZ--/w_900/ebvhzwakd1ytea0uhgs0.jpg; https://images.salsify.com/image/upload/s--AgJ3rUZO--/w_900/idiltxigetoqhkcut1x8.jpg; https://images.salsify.com/image/upload/s--wcKvVLy2--/w_900/z1ltdb0nsmrqyhe0jhve.jpg,Ultum Nature Systems
8.10E+10,8.10E+11,UNS-AW-NET-RTRCT-RND-WHT-SM,UNS AW NET RTRCT RND WHT SM,130,706,9.99,https://images.salsify.com/image/upload/s--XjBjDcz---/w_900/hqcohimqjn3qhyyg6yrc.jpg,https://images.salsify.com/image/upload/s--XjBjDcz---/w_900/hqcohimqjn3qhyyg6yrc.jpg; https://images.salsify.com/image/upload/s--2Lela7lB--/w_900/c6blzdonccshv6vnffkd.jpg,Ultum Nature Systems
8.10E+10,8.10E+11,UNS-AW-NET-RTRCT-SQ-BLK,UNS AW NET RTRCT SQ BLK,130,706,11.99,https://images.salsify.com/image/upload/s--2Lela7lB--/w_900/c6blzdonccshv6vnffkd.jpg,https://images.salsify.com/image/upload/s--XjBjDcz---/w_900/hqcohimqjn3qhyyg6yrc.jpg; https://images.salsify.com/image/upload/s--2Lela7lB--/w_900/c6blzdonccshv6vnffkd.jpg,Ultum Nature Systems
8.10E+10,8.10E+11,UNS-AW-NET-RTRCT-SQ-BLK-SM,UNS AW NET RTRCT SQ BLK SM,130,706,9.99,https://images.salsify.com/image/upload/s--O5Eu8l1L--/w_900/vlbv0mahff0br2rwbsrz.jpg,https://images.salsify.com/image/upload/s--O5Eu8l1L--/w_900/vlbv0mahff0br2rwbsrz.jpg; https://images.salsify.com/image/upload/s--F3Zwwduv--/w_900/tqfyii2asn8rsgp3fa2u.jpg,Ultum Nature Systems
4.71E+12,4.71E+12,UNS-SL-AQUA-NET-SHRIMP,UNS SL AQUA NET SHRIMP,130,706,12.99,https://images.salsify.com/image/upload/s--Ma3sVnFg--/w_900/vukflpsds0nydcte8ykt.jpg,https://images.salsify.com/image/upload/s--Ma3sVnFg--/w_900/vukflpsds0nydcte8ykt.jpg,Ultum Nature Systems
8.10E+10,8.10E+11,UNS-GLASS-LID-W-CLIPS-3N-3T,UNS GLASS LID W/CLIPS 3N/3T,150,706,19.99,https://cdn4.volusion.store/tpkd3-zys9r/v/vspfiles/photos/JBJ99997-1.png?v-cache=1746795908,https://cdn4.volusion.store/tpkd3-zys9r/v/vspfiles/photos/JBJ99997-1.png?v-cache=1746795908,Ultum Nature Systems
8.10E+10,8.10E+11,UNS-GLASS-LID-W-CLIPS-60A-DUAL-AIO,UNS GLASS LID W/CLIPS 60A DUAL AIO,150,706,25.99,https://images.salsify.com/image/upload/s--sOm9hNHn--/w_900/mb43i7qgzbvnlc1jxfux.jpg,https://images.salsify.com/image/upload/s--sOm9hNHn--/w_900/mb43i7qgzbvnlc1jxfux.jpg,Ultum Nature Systems
8.10E+10,8.10E+11,UNS-GLASS-LID-W-CLIPS-30C-30T,UNS GLASS LID W/CLIPS 30C/30T,150,706,19.99,https://cdn4.volusion.store/tpkd3-zys9r/v/vspfiles/photos/LFG32544-1.png?v-cache=1699280550,https://cdn4.volusion.store/tpkd3-zys9r/v/vspfiles/photos/LFG32544-1.png?v-cache=1699280550,Ultum Nature Systems
8.10E+10,8.10E+11,UNS-GLASS-LID-W-CLIPS-40A-DUAL-AIO,UNS GLASS LID W/CLIPS 40A DUAL AIO,150,706,25.99,https://images.salsify.com/image/upload/s--o5kttCAj--/w_900/l3lpggpgtyy6jubcdqnh.jpg,https://images.salsify.com/image/upload/s--o5kttCAj--/w_900/l3lpggpgtyy6jubcdqnh.jpg; https://images.salsify.com/image/upload/s--0V1EkEpv--/w_900/v8izebfenwfppiiyfqtx.jpg; https://images.salsify.com/image/upload/s--GIYaY03n--/w_900/skodb6frtem3slridnun.jpg; https://images.salsify.com/image/upload/s--MnGJ7KLV--/w_900/fjonnkym203ft7dl2qut.jpg; https://images.salsify.com/image/upload/s--vec1hcBq--/w_900/fgmij7lc9zwx4qpzoihf.jpg; https://images.salsify.com/image/upload/s--eJVntJdI--/w_900/cylnxk59jipkrn10xxmj.jpg; https://images.salsify.com/image/upload/s--pEOOIvdZ--/w_900/pt6psjfasvfqdeevmjjf.jpg,Ultum Nature Systems
8.10E+10,8.10E+11,UNS-GLASS-LID-W-CLIPS-35A-DUAL-AIO,UNS GLASS LID W/CLIPS 35A DUAL AIO,150,706,22.99,https://images.salsify.com/image/upload/s--0V1EkEpv--/w_900/v8izebfenwfppiiyfqtx.jpg,https://images.salsify.com/image/upload/s--o5kttCAj--/w_900/l3lpggpgtyy6jubcdqnh.jpg; https://images.salsify.com/image/upload/s--0V1EkEpv--/w_900/v8izebfenwfppiiyfqtx.jpg; https://images.salsify.com/image/upload/s--GIYaY03n--/w_900/skodb6frtem3slridnun.jpg; https://images.salsify.com/image/upload/s--MnGJ7KLV--/w_900/fjonnkym203ft7dl2qut.jpg; https://images.salsify.com/image/upload/s--vec1hcBq--/w_900/fgmij7lc9zwx4qpzoihf.jpg; https://images.salsify.com/image/upload/s--eJVntJdI--/w_900/cylnxk59jipkrn10xxmj.jpg; https://images.salsify.com/image/upload/s--pEOOIvdZ--/w_900/pt6psjfasvfqdeevmjjf.jpg,Ultum Nature Systems
8.10E+10,8.10E+11,UNS-CONTRASAND-3L-MONTEREY,UNS CONTRASAND 3L MONTEREY,130,706,24.99,https://images.salsify.com/image/upload/s--MkpPLPed--/w_900/nbb5yygm8hpo16yu6fmz.jpg,https://images.salsify.com/image/upload/s--MkpPLPed--/w_900/nbb5yygm8hpo16yu6fmz.jpg,Ultum Nature Systems
8.10E+10,8.10E+11,UNS-CONTRASAND-3L-VESUVIUS,UNS CONTRASAND 3L VESUVIUS,130,706,24.99,https://images.salsify.com/image/upload/s---ArK-JkE--/w_900/uxlsgjx7atvnh55vftvl.jpg,https://images.salsify.com/image/upload/s---ArK-JkE--/w_900/uxlsgjx7atvnh55vftvl.jpg,Ultum Nature Systems
8.10E+10,8.10E+11,UNS-CONTRASAND-8L-VESUVIUS,UNS CONTRASAND 8L VESUVIUS,130,706,44.99,https://images.salsify.com/image/upload/s--G-i3UEE---/w_900/nxhcg1oki5jjrpgdqg6l.jpg,https://images.salsify.com/image/upload/s--G-i3UEE---/w_900/nxhcg1oki5jjrpgdqg6l.jpg; https://images.salsify.com/image/upload/s--L6qfxyaK--/w_900/m816mdqsnm7k9lqrje5w.jpg,Ultum Nature Systems
8.10E+10,8.10E+11,UNS-CONTRASAND-8L-MONTEREY,UNS CONTRASAND 8L MONTEREY,130,706,44.99,https://images.salsify.com/image/upload/s--5L76nbiA--/w_900/pwk7ytt6igooomif6wpg.jpg,https://images.salsify.com/image/upload/s--5L76nbiA--/w_900/pwk7ytt6igooomif6wpg.jpg,Ultum Nature Systems
8.10E+10,8.10E+11,UNS-CONTRASAND-8L-TAHOE,UNS CONTRASAND 8L TAHOE,130,706,44.99,https://images.salsify.com/image/upload/s--1XVO07LT--/w_900/ykff79fdgr0yfxb18lkn.jpg,https://images.salsify.com/image/upload/s--1XVO07LT--/w_900/ykff79fdgr0yfxb18lkn.jpg; https://images.salsify.com/image/upload/s--deMXSnbK--/w_900/vj23kc7q3pnfiosgmnjf.jpg; https://images.salsify.com/image/upload/s--Cs8Nqk2i--/w_900/znovpjfrw6cgig2p3kj2.jpg,Ultum Nature Systems
8.10E+10,8.10E+11,UNS-CONTRASAND-3L-SANTA-FE,UNS CONTRASAND 3L SANTA FE,130,706,24.99,https://images.salsify.com/image/upload/s--YE0nFqkh--/w_900/ogdtkmkjlx8yztmrjfxz.jpg,https://images.salsify.com/image/upload/s--YE0nFqkh--/w_900/ogdtkmkjlx8yztmrjfxz.jpg,Ultum Nature Systems
8.10E+10,8.10E+11,UNS-SOL-LIGHT-MAG-DESKTOP-BLK,UNS SOL LIGHT MAG DESKTOP BLK,140,706,64.99,https://images.salsify.com/image/upload/s--mZ9aM3VL--/w_900/erilgi6qsanyox0x5vzx.jpg,https://images.salsify.com/image/upload/s--mZ9aM3VL--/w_900/erilgi6qsanyox0x5vzx.jpg,Ultum Nature Systems
8.10E+10,8.10E+11,UNS-SOL-LIGHT-MAG-DESKTOP-WH,UNS SOL LIGHT MAG DESKTOP WH,140,706,64.99,https://cdn4.volusion.store/tpkd3-zys9r/v/vspfiles/photos/JBJ20564-1.png?v-cache=1732110499,https://cdn4.volusion.store/tpkd3-zys9r/v/vspfiles/photos/JBJ20564-1.png?v-cache=1732110499,Ultum Nature Systems
8.10E+10,8.10E+11,UNS-FILTER-MIGHTY-LG,UNS FILTER MIGHTY LG,140,706,29.99,https://images.salsify.com/image/upload/s--9p6up8w_--/w_900/d9a4hd4gngdjecudgoxi.jpg,https://images.salsify.com/image/upload/s--1S7dvk2B--/w_900/hyvk6um1erjh2fkec1ly.jpg; https://images.salsify.com/image/upload/s--9p6up8w_--/w_900/d9a4hd4gngdjecudgoxi.jpg; https://images.salsify.com/image/upload/s--6EaoJIo9--/w_900/ufaueczadgdf4iidrys5.jpg; https://images.salsify.com/image/upload/s--Z5mspjJL--/w_900/usbf5ph8ay6noe1ycknh.jpg,Ultum Nature Systems
8.10E+10,8.10E+11,UNS-FILTER-MIGHTY-MD,UNS FILTER MIGHTY MD,140,706,27.99,https://images.salsify.com/image/upload/s--6EaoJIo9--/w_900/ufaueczadgdf4iidrys5.jpg,https://images.salsify.com/image/upload/s--1S7dvk2B--/w_900/hyvk6um1erjh2fkec1ly.jpg; https://images.salsify.com/image/upload/s--9p6up8w_--/w_900/d9a4hd4gngdjecudgoxi.jpg; https://images.salsify.com/image/upload/s--6EaoJIo9--/w_900/ufaueczadgdf4iidrys5.jpg; https://images.salsify.com/image/upload/s--Z5mspjJL--/w_900/usbf5ph8ay6noe1ycknh.jpg,Ultum Nature Systems
8.10E+10,8.10E+11,UNS-FILTER-MIGHTY-XLG,UNS FILTER MIGHTY XLG,140,706,44.99,https://images.salsify.com/image/upload/s--Z5mspjJL--/w_900/usbf5ph8ay6noe1ycknh.jpg,https://images.salsify.com/image/upload/s--1S7dvk2B--/w_900/hyvk6um1erjh2fkec1ly.jpg; https://images.salsify.com/image/upload/s--9p6up8w_--/w_900/d9a4hd4gngdjecudgoxi.jpg; https://images.salsify.com/image/upload/s--6EaoJIo9--/w_900/ufaueczadgdf4iidrys5.jpg; https://images.salsify.com/image/upload/s--Z5mspjJL--/w_900/usbf5ph8ay6noe1ycknh.jpg,Ultum Nature Systems
8.10E+10,,UNS-DELTA-90-SPONGE-BLK,UNS DELTA 90 SPONGE BLK,130,706,7.99,https://images.salsify.com/image/upload/s--biLNM9Ss--/w_900/evmx63msalhmsq6zcnmp.jpg,https://images.salsify.com/image/upload/s--biLNM9Ss--/w_900/evmx63msalhmsq6zcnmp.jpg,Ultum Nature Systems
8.10E+10,,UNS-DELTA-90-SPONGE-GRN,UNS DELTA 90 SPONGE GRN,130,706,7.99,https://images.salsify.com/image/upload/s---HfH2jRi--/w_900/vuwd85daerinj7mgshtu.jpg,https://images.salsify.com/image/upload/s---HfH2jRi--/w_900/vuwd85daerinj7mgshtu.jpg,Ultum Nature Systems
8.10E+10,8.10E+11,UNS-MIGHTY-FLITER-CART-XSM-SP-2PK,UNS MIGHTY FLITER CART XSM SP 2PK,130,706,3.99,http://d56ygyjv466yj.cloudfront.net/thumb/100533_t.jpg,http://d56ygyjv466yj.cloudfront.net/thumb/100533_t.jpg,Ultum Nature Systems
8.10E+10,8.10E+11,UNS-MIGHTY-FILTER-CART-SM-2PK,UNS MIGHTY FILTER CART SM 2PK,130,706,4.99,http://d56ygyjv466yj.cloudfront.net/thumb/100538_t.jpg,http://d56ygyjv466yj.cloudfront.net/thumb/100538_t.jpg,Ultum Nature Systems
8.10E+10,8.10E+11,UNS-MIGHTY-FILTER-CART-MD-2PK,UNS MIGHTY FILTER CART MD 2PK,130,706,5.99,https://cdn4.volusion.store/tpkd3-zys9r/v/vspfiles/photos/RS23033-1.png?v-cache=1753462758,https://cdn4.volusion.store/tpkd3-zys9r/v/vspfiles/photos/RS23033-1.png?v-cache=1753462758,Ultum Nature Systems
8.10E+10,8.10E+11,UNS-MIGHTY-FILTER-CART-LG-2PK,UNS MIGHTY FILTER CART LG 2PK,130,706,6.99,https://cdn4.volusion.store/tpkd3-zys9r/v/vspfiles/photos/RS23030-1.png?v-cache=1753462857,https://cdn4.volusion.store/tpkd3-zys9r/v/vspfiles/photos/RS23030-1.png?v-cache=1753462857,Ultum Nature Systems
8.10E+10,8.10E+11,UNS-MIGHT-FILTER-CART-XL-2PK,UNS MIGHT FILTER CART XL 2PK,130,706,7.99,https://cdn4.volusion.store/tpkd3-zys9r/v/vspfiles/photos/RS23031-1.png?v-cache=1753462958,https://cdn4.volusion.store/tpkd3-zys9r/v/vspfiles/photos/RS23031-1.png?v-cache=1753462958,Ultum Nature Systems
6.98E+12,6.98E+12,HYGGER-HUMIDIFIER-REP,HYGGER HUMIDIFIER REP,710,706,59.99,https://images.salsify.com/image/upload/s--zwgnkTy5--/w_900/jhgoar5jjz0hbu42c2nc.jpg,https://images.salsify.com/image/upload/s--zwgnkTy5--/w_900/jhgoar5jjz0hbu42c2nc.jpg,Ultum Nature Systems
8.10E+10,8.10E+11,UNS-GLASS-LID-W-CLIPS-45A-DUAL-AIO,UNS GLASS LID W/CLIPS 45A DUAL AIO,130,706,25.99,https://images.salsify.com/image/upload/s--GIYaY03n--/w_900/skodb6frtem3slridnun.jpg,https://images.salsify.com/image/upload/s--o5kttCAj--/w_900/l3lpggpgtyy6jubcdqnh.jpg; https://images.salsify.com/image/upload/s--0V1EkEpv--/w_900/v8izebfenwfppiiyfqtx.jpg; https://images.salsify.com/image/upload/s--GIYaY03n--/w_900/skodb6frtem3slridnun.jpg; https://images.salsify.com/image/upload/s--MnGJ7KLV--/w_900/fjonnkym203ft7dl2qut.jpg; https://images.salsify.com/image/upload/s--vec1hcBq--/w_900/fgmij7lc9zwx4qpzoihf.jpg; https://images.salsify.com/image/upload/s--eJVntJdI--/w_900/cylnxk59jipkrn10xxmj.jpg; https://images.salsify.com/image/upload/s--pEOOIvdZ--/w_900/pt6psjfasvfqdeevmjjf.jpg,Ultum Nature Systems
8.10E+10,8.10E+11,UNS-GLASS-LID-W-CLIPS-25C-25T-25S,UNS GLASS LID W/CLIPS 25C/25T/25S,130,706,16.99,https://images.salsify.com/image/upload/s--MnGJ7KLV--/w_900/fjonnkym203ft7dl2qut.jpg,https://images.salsify.com/image/upload/s--o5kttCAj--/w_900/l3lpggpgtyy6jubcdqnh.jpg; https://images.salsify.com/image/upload/s--0V1EkEpv--/w_900/v8izebfenwfppiiyfqtx.jpg; https://images.salsify.com/image/upload/s--GIYaY03n--/w_900/skodb6frtem3slridnun.jpg; https://images.salsify.com/image/upload/s--MnGJ7KLV--/w_900/fjonnkym203ft7dl2qut.jpg; https://images.salsify.com/image/upload/s--vec1hcBq--/w_900/fgmij7lc9zwx4qpzoihf.jpg; https://images.salsify.com/image/upload/s--eJVntJdI--/w_900/cylnxk59jipkrn10xxmj.jpg; https://images.salsify.com/image/upload/s--pEOOIvdZ--/w_900/pt6psjfasvfqdeevmjjf.jpg,Ultum Nature Systems
8.81E+12,8.81E+12,UNS-NEO-PLANT-TABS-SOLID-70G,UNS NEO PLANT TABS SOLID 70G,130,706,15.99,https://images.salsify.com/image/upload/s--okcmGo-6--/w_900/bjgkje1wlx3njr1y5ys3.jpg,https://images.salsify.com/image/upload/s--okcmGo-6--/w_900/bjgkje1wlx3njr1y5ys3.jpg,Ultum Nature Systems
8.10E+10,8.10E+11,UNS-FILTER-TUBING-5FT-5-8,UNS FILTER TUBING 5FT 5/8',130,706,14.99,https://images.salsify.com/image/upload/s--I5S2E4ps--/w_900/w3uw2qbpyvnrlziyqjkf.jpg,https://images.salsify.com/image/upload/s--I5S2E4ps--/w_900/w3uw2qbpyvnrlziyqjkf.jpg,Ultum Nature Systems
8.10E+10,8.10E+11,UNS-FILTER-TUBING-5FT-1-2,UNS FILTER TUBING 5FT 1/2,130,706,11.99,https://images.salsify.com/image/upload/s--heQhmDN7--/w_900/b9o1qkr3jl9quo9fw2ax.jpg,https://images.salsify.com/image/upload/s--heQhmDN7--/w_900/b9o1qkr3jl9quo9fw2ax.jpg; https://images.salsify.com/image/upload/s--kUE49DNG--/w_900/vbepc1ploamzxzwcyfex.jpg; https://images.salsify.com/image/upload/s--BdZOF33K--/w_900/elded3emr8xooc1qnpuc.jpg; https://images.salsify.com/image/upload/s--QRDU7dlD--/w_900/rb74ipqb1wfy5zyemozq.jpg,Ultum Nature Systems
6.97E+12,6.97E+12,UNS-DR-TANK-BLK-ALGAE-RMVR-TAB-25G,UNS DR TANK BLK ALGAE RMVR TAB 25G,120,706,12.99,http://d56ygyjv466yj.cloudfront.net/thumb/102094_t.jpg,http://d56ygyjv466yj.cloudfront.net/thumb/102094_t.jpg,Ultum Nature Systems
8.81E+12,8.81E+12,UNS-NEO-OUTLET-LG,UNS NEO OUTLET LG,130,706,11.99,https://images.salsify.com/image/upload/s--rIgb2MDC--/w_900/mxb1q4thvc0wd6yo7j4v.jpg,https://images.salsify.com/image/upload/s--rIgb2MDC--/w_900/mxb1q4thvc0wd6yo7j4v.jpg,Ultum Nature Systems
8.81E+12,8.81E+12,UNS-NEO-OUTLET-MD,UNS NEO OUTLET MD,130,706,11.99,https://images.salsify.com/image/upload/s--q4yrfI-C--/w_900/af4iwdspjshxktf7qtrn.jpg,https://images.salsify.com/image/upload/s--q4yrfI-C--/w_900/af4iwdspjshxktf7qtrn.jpg,Ultum Nature Systems
8.10E+10,8.10E+11,UNS-MICRO-CO2-REG-KIT,UNS MICRO CO2 REG KIT,140,706,99.99,https://images.salsify.com/image/upload/s--i05hEs8L--/w_900/ojubksxe7takmjcz06k1.jpg,https://images.salsify.com/image/upload/s--i05hEs8L--/w_900/ojubksxe7takmjcz06k1.jpg,Ultum Nature Systems
8.10E+10,8.10E+11,UNS-GLASS-LID-W-CLIPS-45L,UNS GLASS LID W/CLIPS 45L,140,706,19.99,https://cdn4.volusion.store/tpkd3-zys9r/v/vspfiles/photos/LFG32545-1.png?v-cache=1699280550,https://cdn4.volusion.store/tpkd3-zys9r/v/vspfiles/photos/LFG32545-1.png?v-cache=1699280550,Ultum Nature Systems
8.10E+10,8.10E+10,UNS-GLASS-LID-W-CLIPS-40C,UNS GLASS LID W/CLIPS 40C,140,706,25.99,https://cdn4.volusion.store/tpkd3-zys9r/v/vspfiles/photos/LFG32546-1.png?v-cache=1699280550,https://cdn4.volusion.store/tpkd3-zys9r/v/vspfiles/photos/LFG32546-1.png?v-cache=1699280550,Ultum Nature Systems
8.10E+10,8.10E+11,UNS-GLASS-LID-W-CLIPS-90LA-DUALAIO,UNS GLASS LID W/CLIPS 90LA DUALAIO,140,706,32.99,https://images.salsify.com/image/upload/s--vec1hcBq--/w_900/fgmij7lc9zwx4qpzoihf.jpg,https://images.salsify.com/image/upload/s--o5kttCAj--/w_900/l3lpggpgtyy6jubcdqnh.jpg; https://images.salsify.com/image/upload/s--0V1EkEpv--/w_900/v8izebfenwfppiiyfqtx.jpg; https://images.salsify.com/image/upload/s--GIYaY03n--/w_900/skodb6frtem3slridnun.jpg; https://images.salsify.com/image/upload/s--MnGJ7KLV--/w_900/fjonnkym203ft7dl2qut.jpg; https://images.salsify.com/image/upload/s--vec1hcBq--/w_900/fgmij7lc9zwx4qpzoihf.jpg; https://images.salsify.com/image/upload/s--eJVntJdI--/w_900/cylnxk59jipkrn10xxmj.jpg; https://images.salsify.com/image/upload/s--pEOOIvdZ--/w_900/pt6psjfasvfqdeevmjjf.jpg,Ultum Nature Systems
UNSPFMIN,,UNS-PLANT-FOOD-MIN-16OZ-0-0-9-1,UNS PLANT FOOD MIN 16OZ 0-0-9.1,120,706,21.99,https://images.salsify.com/image/upload/s--lUsS-46O--/w_900/rmaacwypicdweeyap68y.jpg,https://images.salsify.com/image/upload/s--lUsS-46O--/w_900/rmaacwypicdweeyap68y.jpg; https://images.salsify.com/image/upload/s--ZBoKYhRW--/w_900/tjti1trpr3eik81answp.jpg; https://images.salsify.com/image/upload/s--KBWQjzeA--/w_900/voxqbaofthpsewzqye3n.jpg; https://images.salsify.com/image/upload/s--_He9Ej0D--/w_900/fljeiouo0iclzsc2vfdq.jpg; https://images.salsify.com/image/upload/s--RxN4T73Y--/w_900/sglftklduzfnwcgctqgz.jpg; https://images.salsify.com/image/upload/s--WAI2n9yV--/w_900/trhahn2vmemejhthhu33.jpg; https://images.salsify.com/image/upload/s--lSFtozvi--/w_900/wznsompmxtf1xsvcsrxt.jpg; https://images.salsify.com/image/upload/s--qHLgUsD9--/w_900/xslht7sbe232ezkbrcoo.jpg,Ultum Nature Systems
UNSPFMAX,,UNS-PLANT-FOOD-MAX-16OZ-2-4-1-3-9-1,UNS PLANT FOOD MAX 16OZ 2.4-1.3-9.1,120,706,21.99,https://images.salsify.com/image/upload/s--ZBoKYhRW--/w_900/tjti1trpr3eik81answp.jpg,https://images.salsify.com/image/upload/s--lUsS-46O--/w_900/rmaacwypicdweeyap68y.jpg; https://images.salsify.com/image/upload/s--ZBoKYhRW--/w_900/tjti1trpr3eik81answp.jpg; https://images.salsify.com/image/upload/s--KBWQjzeA--/w_900/voxqbaofthpsewzqye3n.jpg; https://images.salsify.com/image/upload/s--_He9Ej0D--/w_900/fljeiouo0iclzsc2vfdq.jpg; https://images.salsify.com/image/upload/s--RxN4T73Y--/w_900/sglftklduzfnwcgctqgz.jpg; https://images.salsify.com/image/upload/s--WAI2n9yV--/w_900/trhahn2vmemejhthhu33.jpg; https://images.salsify.com/image/upload/s--lSFtozvi--/w_900/wznsompmxtf1xsvcsrxt.jpg; https://images.salsify.com/image/upload/s--qHLgUsD9--/w_900/xslht7sbe232ezkbrcoo.jpg,Ultum Nature Systems
8.10E+10,8.10E+11,UNS-WOOD-LOG-SM-12-130,"UNS WOOD LOG SM 12"",130""",706,9.99,,https://images.salsify.com/image/upload/s--FlL5DoIs--/w_900/lgj1rdye5jxk4unpzyqy.jpg,https://images.salsify.com/image/upload/s--FlL5DoIs--/w_900/lgj1rdye5jxk4unpzyqy.jpg; https://images.salsify.com/image/upload/s--qobbHfx_--/w_900/hekb7ol2q8tenkwv9aiu.jpg,Ultum Nature Systems
8.10E+10,8.10E+11,UNS-STAND-45U-OAK,UNS STAND 45U OAK,160,706,445.99,https://images.salsify.com/image/upload/s--g7Chfqm3--/w_900/vto0ce620y0itpjdcze5.jpg,https://images.salsify.com/image/upload/s--g7Chfqm3--/w_900/vto0ce620y0itpjdcze5.jpg,Ultum Nature Systems
8.10E+10,8.10E+11,UNS-STAND-75P-OAK,UNS STAND 75P OAK,160,706,649.99,http://d56ygyjv466yj.cloudfront.net/thumb/108322_t.jpg,http://d56ygyjv466yj.cloudfront.net/thumb/108322_t.jpg,Ultum Nature Systems
8.10E+10,8.10E+11,UNS-STAND-90L-OAK,UNS STAND 90L OAK,160,706,605.99,https://cdn4.volusion.store/tpkd3-zys9r/v/vspfiles/photos/EHM01667-1.png?v-cache=1772618937,https://cdn4.volusion.store/tpkd3-zys9r/v/vspfiles/photos/EHM01667-1.png?v-cache=1772618937,Ultum Nature Systems
8.10E+10,8.10E+11,UNS-STAND-75P-ALUMINUM-STAND-GREY,UNS STAND 75P ALUMINUM STAND GREY,160,706,939.99,https://images.salsify.com/image/upload/s--DbKliD3p--/w_900/xaqbximez1xshumj0opc.jpg,https://images.salsify.com/image/upload/s--nJNhootU--/w_900/byism2apzowms7fpu0kh.jpg; https://images.salsify.com/image/upload/s--DbKliD3p--/w_900/xaqbximez1xshumj0opc.jpg; https://images.salsify.com/image/upload/s--jHD3JC4l--/w_900/rozre4b8wmvcwff32g7v.jpg,Ultum Nature Systems
8.81E+12,8.81E+12,UNS-NEO-DIFFUSER-SPCL-CRVD-MD,UNS NEO DIFFUSER SPCL CRVD MD,140,706,25.99,https://images.salsify.com/image/upload/s--fP1nTSXX--/w_900/z0alydgefwqlfegzkhrj.jpg,https://images.salsify.com/image/upload/s--fP1nTSXX--/w_900/z0alydgefwqlfegzkhrj.jpg; https://images.salsify.com/image/upload/s--Ri3wNjwH--/w_900/iwqnjsyr94jqtowbz8pb.jpg; https://images.salsify.com/image/upload/s--aq73vO7G--/w_900/f55i1mjcaer2zukwutw5.jpg; https://images.salsify.com/image/upload/s--_yfT6Tv8--/w_900/e6fojinevaw5ro7ycivd.jpg; https://images.salsify.com/image/upload/s--1QfotlNA--/w_900/djrjfosiv3wogocs8oxx.jpg; https://images.salsify.com/image/upload/s--DxILQe7f--/w_900/lhtc31neyryw7h1g9tot.jpg,Ultum Nature Systems
8.10E+10,8.10E+11,UNS-CONTRASAND-SEQUOIA-8L-MIX,UNS CONTRASAND SEQUOIA 8L MIX,130,706,44.99,https://images.salsify.com/image/upload/s--2cdVKLB9--/w_900/bhrar5ai2bgluokprg38.jpg,https://images.salsify.com/image/upload/s--2cdVKLB9--/w_900/bhrar5ai2bgluokprg38.jpg; https://images.salsify.com/image/upload/s--Z4aqD2uU--/w_900/rnokavcdrzovddxgmve9.jpg,Ultum Nature Systems
8.10E+10,8.10E+11,UNS-CONTRASAND-MOROCCO-3L-XFINE,UNS CONTRASAND MOROCCO 3L XFINE,130,706,24.99,https://images.salsify.com/image/upload/s--NlbbR4_2--/w_900/t7vog0mfo5dwxvwghwa1.jpg,https://images.salsify.com/image/upload/s--NlbbR4_2--/w_900/t7vog0mfo5dwxvwghwa1.jpg; https://images.salsify.com/image/upload/s--Ajjsqd07--/w_900/wbjm8fdfabd34pspleir.jpg; https://images.salsify.com/image/upload/s--hgBGmJ_S--/w_900/h05xkjp1lk2p4fb2sosw.jpg,Ultum Nature Systems
8.10E+10,8.41E+11,UNS-CONTRASAND-MAUI-3L-XFINE,UNS CONTRASAND MAUI 3L XFINE,130,706,24.99,https://images.salsify.com/image/upload/s--jkAuDBRs--/w_900/ayw0eolxz2hfi90iocju.jpg,https://images.salsify.com/image/upload/s--jkAuDBRs--/w_900/ayw0eolxz2hfi90iocju.jpg,Ultum Nature Systems
8.41E+10,8.41E+11,UNS-CONTRASAND-MOJAVE-8L-XFINE,UNS CONTRASAND MOJAVE 8L XFINE,130,706,37.99,https://images.salsify.com/image/upload/s--L89d4mpw--/w_900/tbwqw5nmfquwatd6edtx.jpg,https://images.salsify.com/image/upload/s--L89d4mpw--/w_900/tbwqw5nmfquwatd6edtx.jpg,Ultum Nature Systems
8.41E+10,8.41E+11,UNS-CONTRASAND-MOJAVE-3L-XFINE,UNS CONTRASAND MOJAVE 3L XFINE,130,706,24.99,https://images.salsify.com/image/upload/s--FmYR2kQv--/w_900/plyuu0iincipllp5izr9.jpg,https://images.salsify.com/image/upload/s--FmYR2kQv--/w_900/plyuu0iincipllp5izr9.jpg,Ultum Nature Systems
8.41E+10,8.41E+11,UNS-CONTRASAND-VESUVIUS-3L,UNS CONTRASAND VESUVIUS 3L,130,706,22.99,https://images.salsify.com/image/upload/s--Bvo0V7la--/w_900/my1v4dsx3d0gcikays51.jpg,https://images.salsify.com/image/upload/s--Bvo0V7la--/w_900/my1v4dsx3d0gcikays51.jpg,Ultum Nature Systems
8.41E+10,8.41E+11,UNS-CONTRASAND-MOROCCO-8L-XFINE,UNS CONTRASAND MOROCCO 8L XFINE,130,706,37.99,https://images.salsify.com/image/upload/s--aGVtx0TN--/w_900/jeugvt8a0bcmdky9ufle.jpg,https://images.salsify.com/image/upload/s--aGVtx0TN--/w_900/jeugvt8a0bcmdky9ufle.jpg,Ultum Nature Systems
8.41E+10,8.41E+11,UNS-CONTRASAND-SANTA-FE-8L-NRML,UNS CONTRASAND SANTA FE 8L NRML,130,706,37.99,https://images.salsify.com/image/upload/s--Rj-IC92q--/w_900/iqptqz9wqmhjrcrjivwc.jpg,https://images.salsify.com/image/upload/s--Rj-IC92q--/w_900/iqptqz9wqmhjrcrjivwc.jpg,Ultum Nature Systems
8.41E+11,8.41E+11,UNS-CONTRASAND-BORA-BORA-8L-XFINE,UNS CONTRASAND BORA BORA 8L XFINE,130,706,37.99,https://images.salsify.com/image/upload/s--Aqnks0c6--/w_900/mi7kqjbqzwumgsstdacr.jpg,https://images.salsify.com/image/upload/s--Aqnks0c6--/w_900/mi7kqjbqzwumgsstdacr.jpg,Ultum Nature Systems
8.41E+10,8.41E+11,UNS-CONTRASAND-PACIFICA-3L-XFINE,UNS CONTRASAND PACIFICA 3L XFINE,130,706,22.99,https://images.salsify.com/image/upload/s--_ZW1tsoA--/w_900/pfbwksqqcgzofnmomkeu.jpg,https://images.salsify.com/image/upload/s--_ZW1tsoA--/w_900/pfbwksqqcgzofnmomkeu.jpg,Ultum Nature Systems
8.41E+10,8.41E+11,UNS-CONTRASAND-TAHOE-3L-NRML,UNS CONTRASAND TAHOE 3L NRML,130,706,22.99,https://images.salsify.com/image/upload/s--jHD3JC4l--/w_900/rozre4b8wmvcwff32g7v.jpg,https://images.salsify.com/image/upload/s--nJNhootU--/w_900/byism2apzowms7fpu0kh.jpg; https://images.salsify.com/image/upload/s--DbKliD3p--/w_900/xaqbximez1xshumj0opc.jpg; https://images.salsify.com/image/upload/s--jHD3JC4l--/w_900/rozre4b8wmvcwff32g7v.jpg,Ultum Nature Systems
8.41E+10,8.41E+11,UNS-CONTRASAND-SANTA-FE-3L-NRML,UNS CONTRASAND SANTA FE 3L NRML,130,706,22.99,https://images.salsify.com/image/upload/s--qpylJEUe--/w_900/mby4vkgtebb7fdge8eoo.jpg,https://images.salsify.com/image/upload/s--qpylJEUe--/w_900/mby4vkgtebb7fdge8eoo.jpg,Ultum Nature Systems
8.41E+10,8.41E+11,UNS-CONTRASAND-BORA-3L-XFINE,UNS CONTRASAND BORA 3L XFINE,130,706,24.99,https://images.salsify.com/image/upload/s--jBUWZQub--/w_900/xyls1utwnpfpgcnfauus.jpg,https://images.salsify.com/image/upload/s--vODJPC63--/w_900/v1aq7llhys2otktqwxb9.jpg; https://images.salsify.com/image/upload/s--GpEFaaku--/w_900/w8o5ogsvf8mipkxwn0cx.jpg; https://images.salsify.com/image/upload/s--Aq8YX_b_--/w_900/aqydu7sumbsscchvklw6.jpg; https://images.salsify.com/image/upload/s--jLhVmJDk--/w_900/iyv92aaznkczicquxee6.jpg; https://images.salsify.com/image/upload/s--jBUWZQub--/w_900/xyls1utwnpfpgcnfauus.jpg; https://images.salsify.com/image/upload/s--59Z7d5Va--/w_900/dfxrirepzru8jgkcys5i.jpg; https://images.salsify.com/image/upload/s--fnqaEuSk--/w_900/oew8kgxjsq8forimj8wa.jpg,Ultum Nature Systems
8.41E+10,8.41E+11,UNS-CONTRASAND-MONTERY-8L-NRML,UNS CONTRASAND MONTERY 8L NRML,130,706,44.99,https://images.salsify.com/image/upload/s--HUnYRkyS--/w_900/pnbphsivopjt3vsg048o.jpg,https://images.salsify.com/image/upload/s--HUnYRkyS--/w_900/pnbphsivopjt3vsg048o.jpg; https://images.salsify.com/image/upload/s--HYyISSGJ--/w_900/lvlbtknlb2ltv9xnw1p0.jpg; https://images.salsify.com/image/upload/s--f073aWxx--/w_900/yocx5urykhup7y4urjsh.jpg; https://images.salsify.com/image/upload/s--B8Q1-TwU--/w_900/irrppyrxyp4vzibyvx2x.jpg; https://images.salsify.com/image/upload/s--4BleBt6A--/w_900/fwuffjuxbxcxotms6dlj.jpg,Ultum Nature Systems
8.41E+10,8.41E+11,UNS-CONTRASAND-MAUI-8L-XFINE,UNS CONTRASAND MAUI 8L XFINE,130,706,37.99,https://images.salsify.com/image/upload/s--YP8N-WNJ--/w_900/sp08vdzefqxsnsfb0se5.jpg,https://images.salsify.com/image/upload/s--YP8N-WNJ--/w_900/sp08vdzefqxsnsfb0se5.jpg; https://images.salsify.com/image/upload/s--LzEJErGs--/w_900/swnhwv03vn6fvochkns7.jpg; https://images.salsify.com/image/upload/s--Kt8jJtFM--/w_900/axdo2jhrqacyqnvxstsb.jpg,Ultum Nature Systems
8.41E+10,8.41E+11,UNS-CONTRASAND-MONTEREY-3L-NRML,UNS CONTRASAND MONTEREY 3L NRML,130,706,24.99,http://d56ygyjv466yj.cloudfront.net/thumb/348122_t.jpg,http://d56ygyjv466yj.cloudfront.net/thumb/348122_t.jpg,Ultum Nature Systems
8.10E+10,8.10E+11,UNS-CONTRABASE-2L,UNS CONTRABASE 2L,130,706,29.99,https://cdn4.volusion.store/tpkd3-zys9r/v/vspfiles/photos/ZM95040-1.jpg,https://cdn4.volusion.store/tpkd3-zys9r/v/vspfiles/photos/ZM95040-1.jpg,Ultum Nature Systems
8.10E+10,8.10E+11,UNS-CONTRABASE-8L,UNS CONTRABASE 8L,130,706,79.99,https://images.salsify.com/image/upload/s--g64N7UmS--/w_900/vhgwbgt3jpoks5biz4hw.jpg,https://images.salsify.com/image/upload/s--g64N7UmS--/w_900/vhgwbgt3jpoks5biz4hw.jpg; https://images.salsify.com/image/upload/s--DLcNXTzA--/w_900/oph3qpuwe8fxh91veqzg.jpg; https://images.salsify.com/image/upload/s--k1zv0rV_--/w_900/iavhwbyajxziqioq90zy.jpg; https://images.salsify.com/image/upload/s--1uCm_gV3--/w_900/nvjdgtjfo0zpnyricjpj.jpg; https://images.salsify.com/image/upload/s--dI0j6FlE--/w_900/i74v27gduwluxsslzc8n.jpg; https://images.salsify.com/image/upload/s--JbcBr4nE--/w_900/uopab9olq9wdlemxhxyy.jpg; https://images.salsify.com/image/upload/s--ZaCBDcoc--/w_900/jnf0mbmoggasta7zwsoj.jpg; https://images.salsify.com/image/upload/s--YitNms2y--/w_900/q1n2dhkme8qrvq6ocjnk.jpg; https://images.salsify.com/image/upload/s--6_p713Rb--/w_900/dl6cygh0m3mheuxaewyj.jpg; https://images.salsify.com/image/upload/s--l_5zQQ1G--/w_900/hre4aowhnowkyoxa4qh4.jpg; https://images.salsify.com/image/upload/s--nuMD9IgE--/w_900/gcbgw2n9jzt9j2nszvyx.jpg; https://images.salsify.com/image/upload/s--XSR7w1rW--/w_900/nc3cr3djwitemr7bnafs.jpg; https://images.salsify.com/image/upload/s--J-bKXx_k--/w_900/hnmqlodlf57zsgonlipx.jpg,Ultum Nature Systems
6.98E+11,6.98E+11,HYGGER-HEATER-LCD-DISPLAY-300W,HYGGER HEATER LCD DISPLAY 300W,140,706,59.99,https://images.salsify.com/image/upload/s--6ob5Vkvn--/w_900/x0vrmlm5rtax5qqem93h.jpg,https://images.salsify.com/image/upload/s--6ob5Vkvn--/w_900/x0vrmlm5rtax5qqem93h.jpg,Ultum Nature Systems
6.98E+12,6.98E+12,HYGGER-HEATER-DBL-QUARTZ-500W-HG102,HYGGER HEATER DBL QUARTZ 500W HG102,140,706,59.99,https://images.salsify.com/image/upload/s--IOgZaB72--/w_900/wl5bmvd3mad46hm9gltn.jpg,https://images.salsify.com/image/upload/s--yjB7vuj---/w_900/qpagzlae8ncpagbkmu2p.jpg; https://images.salsify.com/image/upload/s--wpv-V9PH--/w_900/kqlqkf74e65s6jsrs7qu.jpg; https://images.salsify.com/image/upload/s--e59_1C_W--/w_900/wdrq02ewwfnpmb7e2dd8.jpg; https://images.salsify.com/image/upload/s--IOgZaB72--/w_900/wl5bmvd3mad46hm9gltn.jpg; https://images.salsify.com/image/upload/s--T-K1LfQT--/w_900/rlimtfgjc6jfsosjguxr.jpg; https://images.salsify.com/image/upload/s--YbJ2cpIH--/w_900/xpmutd2jqwqztgucdolp.jpg; https://images.salsify.com/image/upload/s--o3NA1NQU--/w_900/mpo3sfewwz0qyiplmssf.jpg; https://images.salsify.com/image/upload/s--YMwxkc3h--/w_900/vj0yx8vdf7pivpomnzju.jpg; https://images.salsify.com/image/upload/s--YmDCTJFi--/w_900/tc47r4m0c32hwbsqlyle.jpg; https://images.salsify.com/image/upload/s--_Z0qhO59--/w_900/htfrvt5ekir0wuasr9u3.jpg; https://images.salsify.com/image/upload/s--_biBbw7o--/w_900/gzkudi2tdxif3w7cvzxq.jpg; https://images.salsify.com/image/upload/s--RAThoe0J--/w_900/apgwl4oinkzsckvlfpog.jpg; https://images.salsify.com/image/upload/s--YoWOpzfV--/w_900/giko7v3kv4stsp2vobzd.jpg,Ultum Nature Systems
8.10E+10,8.10E+11,UNS-CONTRASAND-MAUI-XFINE-8L,UNS CONTRASAND MAUI XFINE 8L,130,706,44.99,https://images.salsify.com/image/upload/s--qdZiEJUU--/w_900/mfte9rbeyhlxecawcddr.jpg,https://images.salsify.com/image/upload/s--qdZiEJUU--/w_900/mfte9rbeyhlxecawcddr.jpg,Ultum Nature Systems
8.10E+10,8.10E+11,UNS-GLASS-LID-W-CLIPS-45U-45S,UNS GLASS LID W/CLIPS 45U/45S,150,706,24.99,https://images.salsify.com/image/upload/s--eJVntJdI--/w_900/cylnxk59jipkrn10xxmj.jpg,https://images.salsify.com/image/upload/s--o5kttCAj--/w_900/l3lpggpgtyy6jubcdqnh.jpg; https://images.salsify.com/image/upload/s--0V1EkEpv--/w_900/v8izebfenwfppiiyfqtx.jpg; https://images.salsify.com/image/upload/s--GIYaY03n--/w_900/skodb6frtem3slridnun.jpg; https://images.salsify.com/image/upload/s--MnGJ7KLV--/w_900/fjonnkym203ft7dl2qut.jpg; https://images.salsify.com/image/upload/s--vec1hcBq--/w_900/fgmij7lc9zwx4qpzoihf.jpg; https://images.salsify.com/image/upload/s--eJVntJdI--/w_900/cylnxk59jipkrn10xxmj.jpg; https://images.salsify.com/image/upload/s--pEOOIvdZ--/w_900/pt6psjfasvfqdeevmjjf.jpg,Ultum Nature Systems
8.10E+10,8.10E+11,UNS-WOOD-TAGGED-DRAGON-XSM,UNS WOOD TAGGED DRAGON XSM,130,706,4.99,https://images.salsify.com/image/upload/s--f61xqDO4--/w_900/eeriwt7zfx70scmp7jyu.jpg,https://images.salsify.com/image/upload/s--f61xqDO4--/w_900/eeriwt7zfx70scmp7jyu.jpg,Ultum Nature Systems
UNSS 3E,,UNS-STRAT-3E,UNS STRAT 3E,130,706,39.99,https://images.salsify.com/image/upload/s--5vWRWhxP--/w_900/ktfqowkgrisghxqmk7fy.jpg,https://images.salsify.com/image/upload/s--5vWRWhxP--/w_900/ktfqowkgrisghxqmk7fy.jpg; https://images.salsify.com/image/upload/s--xYdn--XJ--/w_900/keezaqxvgsfaxny3pjiy.jpg,Ultum Nature Systems
UNSS 3A,,UNS-STRATA-3A,UNS STRATA 3A,130,706,49.99,https://images.salsify.com/image/upload/s--QjppSOwf--/w_900/gkt5rb0e8zlzy3xj2mnr.jpg,https://images.salsify.com/image/upload/s--QjppSOwf--/w_900/gkt5rb0e8zlzy3xj2mnr.jpg,Ultum Nature Systems
UNSS 3B,,UNS-STRATA-3B,UNS STRATA 3B,130,706,59.99,https://images.salsify.com/image/upload/s--eMnYZFwo--/w_900/brluwssjknwzazocyue5.jpg,https://images.salsify.com/image/upload/s--eMnYZFwo--/w_900/brluwssjknwzazocyue5.jpg,Ultum Nature Systems
8.10E+10,8.10E+11,UNS-CONTRASAND-8L-MOROCCO,UNS CONTRASAND 8L MOROCCO,130,706,44.99,https://images.salsify.com/image/upload/s--T7IftZ35--/w_900/o1s8upx23v9d5pokbkal.jpg,https://images.salsify.com/image/upload/s--T7IftZ35--/w_900/o1s8upx23v9d5pokbkal.jpg,Ultum Nature Systems
8.10E+10,8.10E+11,UNS-WOOD-GHOST-TAGGED-SM-8,UNS WOOD GHOST TAGGED SM 8,130,706,34.99,https://images.salsify.com/image/upload/s--S-qOM8FL--/w_900/w95kooswqgutwtn1srww.jpg,https://images.salsify.com/image/upload/s--S-qOM8FL--/w_900/w95kooswqgutwtn1srww.jpg,Ultum Nature Systems
8.81E+12,8.81E+12,UNS-NEO-DIFFUSER-ORG-LG,UNS NEO DIFFUSER ORG LG,140,706,20.99,https://images.salsify.com/image/upload/s--Ri3wNjwH--/w_900/iwqnjsyr94jqtowbz8pb.jpg,https://images.salsify.com/image/upload/s--fP1nTSXX--/w_900/z0alydgefwqlfegzkhrj.jpg; https://images.salsify.com/image/upload/s--Ri3wNjwH--/w_900/iwqnjsyr94jqtowbz8pb.jpg; https://images.salsify.com/image/upload/s--aq73vO7G--/w_900/f55i1mjcaer2zukwutw5.jpg; https://images.salsify.com/image/upload/s--_yfT6Tv8--/w_900/e6fojinevaw5ro7ycivd.jpg; https://images.salsify.com/image/upload/s--1QfotlNA--/w_900/djrjfosiv3wogocs8oxx.jpg; https://images.salsify.com/image/upload/s--DxILQe7f--/w_900/lhtc31neyryw7h1g9tot.jpg,Ultum Nature Systems
8.81E+12,8.81E+12,UNS-DIFFUSER-NEO-ORG-SM,UNS DIFFUSER NEO ORG SM,140,706,19.99,https://images.salsify.com/image/upload/s--aq73vO7G--/w_900/f55i1mjcaer2zukwutw5.jpg,https://images.salsify.com/image/upload/s--fP1nTSXX--/w_900/z0alydgefwqlfegzkhrj.jpg; https://images.salsify.com/image/upload/s--Ri3wNjwH--/w_900/iwqnjsyr94jqtowbz8pb.jpg; https://images.salsify.com/image/upload/s--aq73vO7G--/w_900/f55i1mjcaer2zukwutw5.jpg; https://images.salsify.com/image/upload/s--_yfT6Tv8--/w_900/e6fojinevaw5ro7ycivd.jpg; https://images.salsify.com/image/upload/s--1QfotlNA--/w_900/djrjfosiv3wogocs8oxx.jpg; https://images.salsify.com/image/upload/s--DxILQe7f--/w_900/lhtc31neyryw7h1g9tot.jpg,Ultum Nature Systems
8.81E+12,8.81E+12,UNS-DIFFUSER-NEO-ORG-CRVD-SM,UNS DIFFUSER NEO ORG CRVD SM,140,706,22.99,https://images.salsify.com/image/upload/s--_yfT6Tv8--/w_900/e6fojinevaw5ro7ycivd.jpg,https://images.salsify.com/image/upload/s--fP1nTSXX--/w_900/z0alydgefwqlfegzkhrj.jpg; https://images.salsify.com/image/upload/s--Ri3wNjwH--/w_900/iwqnjsyr94jqtowbz8pb.jpg; https://images.salsify.com/image/upload/s--aq73vO7G--/w_900/f55i1mjcaer2zukwutw5.jpg; https://images.salsify.com/image/upload/s--_yfT6Tv8--/w_900/e6fojinevaw5ro7ycivd.jpg; https://images.salsify.com/image/upload/s--1QfotlNA--/w_900/djrjfosiv3wogocs8oxx.jpg; https://images.salsify.com/image/upload/s--DxILQe7f--/w_900/lhtc31neyryw7h1g9tot.jpg,Ultum Nature Systems
8.81E+12,8.81E+12,UNS-NEO-DIFFUSER-ORG-CRVD-MD,UNS NEO DIFFUSER ORG CRVD MD,140,706,25.99,https://images.salsify.com/image/upload/s--1QfotlNA--/w_900/djrjfosiv3wogocs8oxx.jpg,https://images.salsify.com/image/upload/s--fP1nTSXX--/w_900/z0alydgefwqlfegzkhrj.jpg; https://images.salsify.com/image/upload/s--Ri3wNjwH--/w_900/iwqnjsyr94jqtowbz8pb.jpg; https://images.salsify.com/image/upload/s--aq73vO7G--/w_900/f55i1mjcaer2zukwutw5.jpg; https://images.salsify.com/image/upload/s--_yfT6Tv8--/w_900/e6fojinevaw5ro7ycivd.jpg; https://images.salsify.com/image/upload/s--1QfotlNA--/w_900/djrjfosiv3wogocs8oxx.jpg; https://images.salsify.com/image/upload/s--DxILQe7f--/w_900/lhtc31neyryw7h1g9tot.jpg,Ultum Nature Systems
8.81E+12,8.81E+12,UNS-DIFFUSER-NEO-ORG-CRVD-LG,UNS DIFFUSER NEO ORG CRVD LG,140,706,29.99,https://images.salsify.com/image/upload/s--DxILQe7f--/w_900/lhtc31neyryw7h1g9tot.jpg,https://images.salsify.com/image/upload/s--fP1nTSXX--/w_900/z0alydgefwqlfegzkhrj.jpg; https://images.salsify.com/image/upload/s--Ri3wNjwH--/w_900/iwqnjsyr94jqtowbz8pb.jpg; https://images.salsify.com/image/upload/s--aq73vO7G--/w_900/f55i1mjcaer2zukwutw5.jpg; https://images.salsify.com/image/upload/s--_yfT6Tv8--/w_900/e6fojinevaw5ro7ycivd.jpg; https://images.salsify.com/image/upload/s--1QfotlNA--/w_900/djrjfosiv3wogocs8oxx.jpg; https://images.salsify.com/image/upload/s--DxILQe7f--/w_900/lhtc31neyryw7h1g9tot.jpg,Ultum Nature Systems
8.81E+12,8.81E+12,UNS-NEO-FLOW-INTAKE-OUTLET-MD,UNS NEO FLOW INTAKE/OUTLET MD,140,706,49.99,https://images.salsify.com/image/upload/s--pl3es-sB--/w_900/hzdnspoqsk2ywjb8yiwn.jpg,https://images.salsify.com/image/upload/s--pl3es-sB--/w_900/hzdnspoqsk2ywjb8yiwn.jpg,Ultum Nature Systems
6.98E+12,6.98E+12,HYGGER-HEATER-DBL-QRTZ-LED-300W,HYGGER HEATER DBL QRTZ LED 300W,140,706,49.99,https://images.salsify.com/image/upload/s--YmDCTJFi--/w_900/tc47r4m0c32hwbsqlyle.jpg,https://images.salsify.com/image/upload/s--yjB7vuj---/w_900/qpagzlae8ncpagbkmu2p.jpg; https://images.salsify.com/image/upload/s--wpv-V9PH--/w_900/kqlqkf74e65s6jsrs7qu.jpg; https://images.salsify.com/image/upload/s--e59_1C_W--/w_900/wdrq02ewwfnpmb7e2dd8.jpg; https://images.salsify.com/image/upload/s--IOgZaB72--/w_900/wl5bmvd3mad46hm9gltn.jpg; https://images.salsify.com/image/upload/s--T-K1LfQT--/w_900/rlimtfgjc6jfsosjguxr.jpg; https://images.salsify.com/image/upload/s--YbJ2cpIH--/w_900/xpmutd2jqwqztgucdolp.jpg; https://images.salsify.com/image/upload/s--o3NA1NQU--/w_900/mpo3sfewwz0qyiplmssf.jpg; https://images.salsify.com/image/upload/s--YMwxkc3h--/w_900/vj0yx8vdf7pivpomnzju.jpg; https://images.salsify.com/image/upload/s--YmDCTJFi--/w_900/tc47r4m0c32hwbsqlyle.jpg; https://images.salsify.com/image/upload/s--_Z0qhO59--/w_900/htfrvt5ekir0wuasr9u3.jpg; https://images.salsify.com/image/upload/s--_biBbw7o--/w_900/gzkudi2tdxif3w7cvzxq.jpg; https://images.salsify.com/image/upload/s--RAThoe0J--/w_900/apgwl4oinkzsckvlfpog.jpg; https://images.salsify.com/image/upload/s--YoWOpzfV--/w_900/giko7v3kv4stsp2vobzd.jpg,Ultum Nature Systems
6.98E+12,6.98E+12,HYGGER-HEATER-MINI-PRO10W,HYGGER HEATER MINI PRO10W,140,706,19.99,https://images.salsify.com/image/upload/s--_Z0qhO59--/w_900/htfrvt5ekir0wuasr9u3.jpg,https://images.salsify.com/image/upload/s--yjB7vuj---/w_900/qpagzlae8ncpagbkmu2p.jpg; https://images.salsify.com/image/upload/s--wpv-V9PH--/w_900/kqlqkf74e65s6jsrs7qu.jpg; https://images.salsify.com/image/upload/s--e59_1C_W--/w_900/wdrq02ewwfnpmb7e2dd8.jpg; https://images.salsify.com/image/upload/s--IOgZaB72--/w_900/wl5bmvd3mad46hm9gltn.jpg; https://images.salsify.com/image/upload/s--T-K1LfQT--/w_900/rlimtfgjc6jfsosjguxr.jpg; https://images.salsify.com/image/upload/s--YbJ2cpIH--/w_900/xpmutd2jqwqztgucdolp.jpg; https://images.salsify.com/image/upload/s--o3NA1NQU--/w_900/mpo3sfewwz0qyiplmssf.jpg; https://images.salsify.com/image/upload/s--YMwxkc3h--/w_900/vj0yx8vdf7pivpomnzju.jpg; https://images.salsify.com/image/upload/s--YmDCTJFi--/w_900/tc47r4m0c32hwbsqlyle.jpg; https://images.salsify.com/image/upload/s--_Z0qhO59--/w_900/htfrvt5ekir0wuasr9u3.jpg; https://images.salsify.com/image/upload/s--_biBbw7o--/w_900/gzkudi2tdxif3w7cvzxq.jpg; https://images.salsify.com/image/upload/s--RAThoe0J--/w_900/apgwl4oinkzsckvlfpog.jpg; https://images.salsify.com/image/upload/s--YoWOpzfV--/w_900/giko7v3kv4stsp2vobzd.jpg,Ultum Nature Systems
6.98E+12,,HYGGER-HEATER-MINI-PRO-25W,HYGGER HEATER MINI PRO 25W,140,706,24.99,https://images.salsify.com/image/upload/s--_biBbw7o--/w_900/gzkudi2tdxif3w7cvzxq.jpg,https://images.salsify.com/image/upload/s--yjB7vuj---/w_900/qpagzlae8ncpagbkmu2p.jpg; https://images.salsify.com/image/upload/s--wpv-V9PH--/w_900/kqlqkf74e65s6jsrs7qu.jpg; https://images.salsify.com/image/upload/s--e59_1C_W--/w_900/wdrq02ewwfnpmb7e2dd8.jpg; https://images.salsify.com/image/upload/s--IOgZaB72--/w_900/wl5bmvd3mad46hm9gltn.jpg; https://images.salsify.com/image/upload/s--T-K1LfQT--/w_900/rlimtfgjc6jfsosjguxr.jpg; https://images.salsify.com/image/upload/s--YbJ2cpIH--/w_900/xpmutd2jqwqztgucdolp.jpg; https://images.salsify.com/image/upload/s--o3NA1NQU--/w_900/mpo3sfewwz0qyiplmssf.jpg; https://images.salsify.com/image/upload/s--YMwxkc3h--/w_900/vj0yx8vdf7pivpomnzju.jpg; https://images.salsify.com/image/upload/s--YmDCTJFi--/w_900/tc47r4m0c32hwbsqlyle.jpg; https://images.salsify.com/image/upload/s--_Z0qhO59--/w_900/htfrvt5ekir0wuasr9u3.jpg; https://images.salsify.com/image/upload/s--_biBbw7o--/w_900/gzkudi2tdxif3w7cvzxq.jpg; https://images.salsify.com/image/upload/s--RAThoe0J--/w_900/apgwl4oinkzsckvlfpog.jpg; https://images.salsify.com/image/upload/s--YoWOpzfV--/w_900/giko7v3kv4stsp2vobzd.jpg,Ultum Nature Systems
6.98E+12,,HYGGER-LIGHT-LED-NATURE-14W-12-17-140,"HYGGER LIGHT LED NATURE 14W 12-17"",140""",706,29.99,,https://images.salsify.com/image/upload/s--RAThoe0J--/w_900/apgwl4oinkzsckvlfpog.jpg,https://images.salsify.com/image/upload/s--yjB7vuj---/w_900/qpagzlae8ncpagbkmu2p.jpg; https://images.salsify.com/image/upload/s--wpv-V9PH--/w_900/kqlqkf74e65s6jsrs7qu.jpg; https://images.salsify.com/image/upload/s--e59_1C_W--/w_900/wdrq02ewwfnpmb7e2dd8.jpg; https://images.salsify.com/image/upload/s--IOgZaB72--/w_900/wl5bmvd3mad46hm9gltn.jpg; https://images.salsify.com/image/upload/s--T-K1LfQT--/w_900/rlimtfgjc6jfsosjguxr.jpg; https://images.salsify.com/image/upload/s--YbJ2cpIH--/w_900/xpmutd2jqwqztgucdolp.jpg; https://images.salsify.com/image/upload/s--o3NA1NQU--/w_900/mpo3sfewwz0qyiplmssf.jpg; https://images.salsify.com/image/upload/s--YMwxkc3h--/w_900/vj0yx8vdf7pivpomnzju.jpg; https://images.salsify.com/image/upload/s--YmDCTJFi--/w_900/tc47r4m0c32hwbsqlyle.jpg; https://images.salsify.com/image/upload/s--_Z0qhO59--/w_900/htfrvt5ekir0wuasr9u3.jpg; https://images.salsify.com/image/upload/s--_biBbw7o--/w_900/gzkudi2tdxif3w7cvzxq.jpg; https://images.salsify.com/image/upload/s--RAThoe0J--/w_900/apgwl4oinkzsckvlfpog.jpg; https://images.salsify.com/image/upload/s--YoWOpzfV--/w_900/giko7v3kv4stsp2vobzd.jpg,Ultum Nature Systems
8.10E+10,8.10E+10,UNS-STONE-DRAGON-ACCENT-2,UNS STONE DRAGON ACCENT 2#,130,706,9.99,https://images.salsify.com/image/upload/s--Oob1a4_9--/w_900/kiv8i5oe95pugclia1eq.jpg,https://images.salsify.com/image/upload/s--Oob1a4_9--/w_900/kiv8i5oe95pugclia1eq.jpg,Ultum Nature Systems
8.10E+10,8.10E+11,UNS-STONE-SEIRYU-ACCENT-3,UNS STONE SEIRYU ACCENT 3#,130,706,9.99,https://images.salsify.com/image/upload/s--_BQFXpg1--/w_900/zypopnzfrwtvp7ubr0oi.jpg,https://images.salsify.com/image/upload/s--_BQFXpg1--/w_900/zypopnzfrwtvp7ubr0oi.jpg,Ultum Nature Systems
8.10E+10,8.10E+10,UNS-WOOD-SPIDER-SM-TAGGED,UNS WOOD SPIDER SM TAGGED,130,706,15.99,https://images.salsify.com/image/upload/s--oYsNSZms--/w_900/lqrj9chjedszathnd2ft.jpg,https://images.salsify.com/image/upload/s--oYsNSZms--/w_900/lqrj9chjedszathnd2ft.jpg,Ultum Nature Systems
8.10E+10,,UNS-WOOD-GHOST-XS,UNS WOOD GHOST XS,130,706,24.99,https://images.salsify.com/image/upload/s--16eheO59--/w_900/q2iyqfuxihx7q3f2a2j4.jpg,https://images.salsify.com/image/upload/s--16eheO59--/w_900/q2iyqfuxihx7q3f2a2j4.jpg,Ultum Nature Systems
8.10E+10,8.10E+11,UNS-WOOD-SPIDER-SM-TAGGED,UNS WOOD SPIDER SM TAGGED,130,706,15.99,https://images.salsify.com/image/upload/s--elXegPbI--/w_900/mfznsnhwy4j1btrhdf8i.jpg,https://images.salsify.com/image/upload/s--elXegPbI--/w_900/mfznsnhwy4j1btrhdf8i.jpg,Ultum Nature Systems
8.10E+10,8.10E+11,UNS-CONTRASAND-SEQUOIA-3L,UNS CONTRASAND SEQUOIA 3L,130,706,29.99,https://images.salsify.com/image/upload/s--TNZTNfzK--/w_900/xbimrygmej3fgingmui6.jpg,https://images.salsify.com/image/upload/s--ipMoPeBm--/w_900/gmzlkmvexdjst64tcvr2.jpg; https://images.salsify.com/image/upload/s--Wb0zJZhL--/w_900/hdptusceujdkv8wsrcus.jpg; https://images.salsify.com/image/upload/s--fkUCbcd5--/w_900/iyhg6pwxj6pxxkx74eur.jpg; https://images.salsify.com/image/upload/s--LrS-995a--/w_900/ntf1czogp65wxvox2ih5.jpg; https://images.salsify.com/image/upload/s--7Qn0_Sua--/w_900/myqfpwldmp0vkx1v6wtn.jpg; https://images.salsify.com/image/upload/s--r0_Y4NP5--/w_900/czny2zliwdg8cnhxr5x6.jpg; https://images.salsify.com/image/upload/s--TNZTNfzK--/w_900/xbimrygmej3fgingmui6.jpg; https://images.salsify.com/image/upload/s--QjR2CzJ2--/w_900/ncgmwjrmhhizqchtkozg.jpg,Ultum Nature Systems
8.10E+10,8.10E+11,UNS-CONTRASAND-PACIFICA-8L,UNS CONTRASAND PACIFICA 8L,130,706,44.99,https://images.salsify.com/image/upload/s--_78Lxkpn--/w_900/xhmvrzbdriho6pgdc2k8.jpg,https://images.salsify.com/image/upload/s--vJRzkAmh--/w_900/zwu2nix3fwgyq9kbfxyj.jpg; https://images.salsify.com/image/upload/s--_78Lxkpn--/w_900/xhmvrzbdriho6pgdc2k8.jpg; https://images.salsify.com/image/upload/s--7t4MGaMR--/w_900/ztuzrwdvchyjcj5kg89c.jpg; https://images.salsify.com/image/upload/s--7rNLqldF--/w_900/onebfqudqcejkfnpwcoy.jpg; https://images.salsify.com/image/upload/s--y33EHD7g--/w_900/hc7xkzu4bmehlu4moq9q.jpg; https://images.salsify.com/image/upload/s--MW_rUzz_--/w_900/mjy2ovxodp3rhb5ehy9t.jpg; https://images.salsify.com/image/upload/s--bqwV0SeD--/w_900/unafj4eiyhtmbltsn1hi.jpg; https://images.salsify.com/image/upload/s--m94GGm8z--/w_900/spv1qeamszwldpkzupou.jpg,Ultum Nature Systems
8.10E+10,8.10E+11,UNS-CONTRASAND-PACIFICA-3L-XFINE,UNS CONTRASAND PACIFICA 3L XFINE,130,706,24.99,https://images.salsify.com/image/upload/s--P2RpY_gZ--/w_900/ia4mjkwmeeqn31v2jnpv.jpg,https://images.salsify.com/image/upload/s--P2RpY_gZ--/w_900/ia4mjkwmeeqn31v2jnpv.jpg; https://images.salsify.com/image/upload/s--v7Hb5o_p--/w_900/jllbiugqffkuiz3vmgbl.jpg,Ultum Nature Systems
45SA,8.10E+11,ULTUM-NATURE-RIMLESS-45SA-AIO,ULTUM NATURE RIMLESS 45SA AIO,150,706,165.99,https://images.salsify.com/image/upload/s--QjR2CzJ2--/w_900/ncgmwjrmhhizqchtkozg.jpg,https://images.salsify.com/image/upload/s--ipMoPeBm--/w_900/gmzlkmvexdjst64tcvr2.jpg; https://images.salsify.com/image/upload/s--Wb0zJZhL--/w_900/hdptusceujdkv8wsrcus.jpg; https://images.salsify.com/image/upload/s--fkUCbcd5--/w_900/iyhg6pwxj6pxxkx74eur.jpg; https://images.salsify.com/image/upload/s--LrS-995a--/w_900/ntf1czogp65wxvox2ih5.jpg; https://images.salsify.com/image/upload/s--7Qn0_Sua--/w_900/myqfpwldmp0vkx1v6wtn.jpg; https://images.salsify.com/image/upload/s--r0_Y4NP5--/w_900/czny2zliwdg8cnhxr5x6.jpg; https://images.salsify.com/image/upload/s--TNZTNfzK--/w_900/xbimrygmej3fgingmui6.jpg; https://images.salsify.com/image/upload/s--QjR2CzJ2--/w_900/ncgmwjrmhhizqchtkozg.jpg,Ultum Nature Systems
60SA,,UNS-TANK-10G-SHALL0W,UNS TANK 10G SHALL0W,150,706,239.99,https://images.salsify.com/image/upload/s--RrrQs_-S--/w_900/qn03aczuhhfhjdnegai6.jpg,https://images.salsify.com/image/upload/s--RrrQs_-S--/w_900/qn03aczuhhfhjdnegai6.jpg; https://images.salsify.com/image/upload/s--u_K0pjK4--/w_900/srfwjolpxxqo0kjaxazm.jpg,Ultum Nature Systems
60T,,UNS-TANK-60T,UNS TANK 60T,150,706,252.99,https://images.salsify.com/image/upload/s--u_K0pjK4--/w_900/srfwjolpxxqo0kjaxazm.jpg,https://images.salsify.com/image/upload/s--RrrQs_-S--/w_900/qn03aczuhhfhjdnegai6.jpg; https://images.salsify.com/image/upload/s--u_K0pjK4--/w_900/srfwjolpxxqo0kjaxazm.jpg,Ultum Nature Systems
8.10E+10,8.10E+11,UNS-WOOD-SPIDER-MD-TAGGED,UNS WOOD SPIDER MD TAGGED,130,706,21.99,https://images.salsify.com/image/upload/s--cCRho3s9--/w_900/sc7cpgq36vtaqwrqb56k.jpg,https://images.salsify.com/image/upload/s--cCRho3s9--/w_900/sc7cpgq36vtaqwrqb56k.jpg,Ultum Nature Systems
8.10E+10,8.10E+11,UNS-GLASS-LID-W-CLIPS-16C-16T-16S,UNS GLASS LID W/CLIPS 16C 16T 16S,130,706,12.99,https://images.salsify.com/image/upload/s--pEOOIvdZ--/w_900/pt6psjfasvfqdeevmjjf.jpg,https://images.salsify.com/image/upload/s--o5kttCAj--/w_900/l3lpggpgtyy6jubcdqnh.jpg; https://images.salsify.com/image/upload/s--0V1EkEpv--/w_900/v8izebfenwfppiiyfqtx.jpg; https://images.salsify.com/image/upload/s--GIYaY03n--/w_900/skodb6frtem3slridnun.jpg; https://images.salsify.com/image/upload/s--MnGJ7KLV--/w_900/fjonnkym203ft7dl2qut.jpg; https://images.salsify.com/image/upload/s--vec1hcBq--/w_900/fgmij7lc9zwx4qpzoihf.jpg; https://images.salsify.com/image/upload/s--eJVntJdI--/w_900/cylnxk59jipkrn10xxmj.jpg; https://images.salsify.com/image/upload/s--pEOOIvdZ--/w_900/pt6psjfasvfqdeevmjjf.jpg,Ultum Nature Systems
8.10E+10,8.10E+11,UNS-GLASS-LID-W-CLIPS-30A-AIO,UNS GLASS LID W/CLIPS 30A AIO,130,706,19.99,https://images.salsify.com/image/upload/s--VzuJLl89--/w_900/fwzfhdxrgiv8l6xyn2ql.jpg,https://images.salsify.com/image/upload/s--VzuJLl89--/w_900/fwzfhdxrgiv8l6xyn2ql.jpg; https://images.salsify.com/image/upload/s--yCKnoFg0--/w_900/z93zxs5laqwhackmzcn0.jpg; https://images.salsify.com/image/upload/s--YYZFJ-mJ--/w_900/ya0mgto1mfd9i8ieudwj.jpg; https://images.salsify.com/image/upload/s--f73gDSOt--/w_900/tnfxthxii0wgan9dvtnh.jpg; https://images.salsify.com/image/upload/s--9L9FY72M--/w_900/l74d3iibpmfiyuky1e13.jpg; https://images.salsify.com/image/upload/s--1iVnss7m--/w_900/zymqyxopucrti6gsfrkl.jpg; https://images.salsify.com/image/upload/s--lEL3KDMW--/w_900/mm9kknywtdpqdv7qdusr.jpg,Ultum Nature Systems
8.10E+10,8.10E+11,UNS-GLASS-LID-W-CLIPS-5N-5T-5S,UNS GLASS LID W/CLIPS 5N 5T 5S,130,706,19.99,https://images.salsify.com/image/upload/s--yCKnoFg0--/w_900/z93zxs5laqwhackmzcn0.jpg,https://images.salsify.com/image/upload/s--VzuJLl89--/w_900/fwzfhdxrgiv8l6xyn2ql.jpg; https://images.salsify.com/image/upload/s--yCKnoFg0--/w_900/z93zxs5laqwhackmzcn0.jpg; https://images.salsify.com/image/upload/s--YYZFJ-mJ--/w_900/ya0mgto1mfd9i8ieudwj.jpg; https://images.salsify.com/image/upload/s--f73gDSOt--/w_900/tnfxthxii0wgan9dvtnh.jpg; https://images.salsify.com/image/upload/s--9L9FY72M--/w_900/l74d3iibpmfiyuky1e13.jpg; https://images.salsify.com/image/upload/s--1iVnss7m--/w_900/zymqyxopucrti6gsfrkl.jpg; https://images.salsify.com/image/upload/s--lEL3KDMW--/w_900/mm9kknywtdpqdv7qdusr.jpg,Ultum Nature Systems
8.81E+12,8.81E+12,UNS-NEO-FLOW-INTAKE-OUTLET-LG,UNS NEO FLOW INTAKE OUTLET LG,140,706,49.99,http://d56ygyjv466yj.cloudfront.net/thumb/108831_t.jpg,http://d56ygyjv466yj.cloudfront.net/thumb/108831_t.jpg,Ultum Nature Systems
8.81E+12,8.81E+12,UNS-NEO-DIFFUSER-ORG-MD,UNS NEO DIFFUSER ORG MD,140,706,19.99,https://images.salsify.com/image/upload/s--9PyxnMgs--/w_900/caboruemrwpstb5gujut.jpg,https://images.salsify.com/image/upload/s--9PyxnMgs--/w_900/caboruemrwpstb5gujut.jpg,Ultum Nature Systems
6.98E+12,6.98E+12,HYGGER-HEATER-MINI-HG097-15W,HYGGER HEATER MINI HG097 15W,140,706,21.99,https://images.salsify.com/image/upload/s--YoWOpzfV--/w_900/giko7v3kv4stsp2vobzd.jpg,https://images.salsify.com/image/upload/s--yjB7vuj---/w_900/qpagzlae8ncpagbkmu2p.jpg; https://images.salsify.com/image/upload/s--wpv-V9PH--/w_900/kqlqkf74e65s6jsrs7qu.jpg; https://images.salsify.com/image/upload/s--e59_1C_W--/w_900/wdrq02ewwfnpmb7e2dd8.jpg; https://images.salsify.com/image/upload/s--IOgZaB72--/w_900/wl5bmvd3mad46hm9gltn.jpg; https://images.salsify.com/image/upload/s--T-K1LfQT--/w_900/rlimtfgjc6jfsosjguxr.jpg; https://images.salsify.com/image/upload/s--YbJ2cpIH--/w_900/xpmutd2jqwqztgucdolp.jpg; https://images.salsify.com/image/upload/s--o3NA1NQU--/w_900/mpo3sfewwz0qyiplmssf.jpg; https://images.salsify.com/image/upload/s--YMwxkc3h--/w_900/vj0yx8vdf7pivpomnzju.jpg; https://images.salsify.com/image/upload/s--YmDCTJFi--/w_900/tc47r4m0c32hwbsqlyle.jpg; https://images.salsify.com/image/upload/s--_Z0qhO59--/w_900/htfrvt5ekir0wuasr9u3.jpg; https://images.salsify.com/image/upload/s--_biBbw7o--/w_900/gzkudi2tdxif3w7cvzxq.jpg; https://images.salsify.com/image/upload/s--RAThoe0J--/w_900/apgwl4oinkzsckvlfpog.jpg; https://images.salsify.com/image/upload/s--YoWOpzfV--/w_900/giko7v3kv4stsp2vobzd.jpg,Ultum Nature Systems
8.10E+10,8.10E+10,UNS-ATOMIZER-MIST-MAKER-SET,UNS ATOMIZER MIST MAKER SET,140,706,49.99,https://images.salsify.com/image/upload/s--7t4MGaMR--/w_900/ztuzrwdvchyjcj5kg89c.jpg,https://images.salsify.com/image/upload/s--vJRzkAmh--/w_900/zwu2nix3fwgyq9kbfxyj.jpg; https://images.salsify.com/image/upload/s--_78Lxkpn--/w_900/xhmvrzbdriho6pgdc2k8.jpg; https://images.salsify.com/image/upload/s--7t4MGaMR--/w_900/ztuzrwdvchyjcj5kg89c.jpg; https://images.salsify.com/image/upload/s--7rNLqldF--/w_900/onebfqudqcejkfnpwcoy.jpg; https://images.salsify.com/image/upload/s--y33EHD7g--/w_900/hc7xkzu4bmehlu4moq9q.jpg; https://images.salsify.com/image/upload/s--MW_rUzz_--/w_900/mjy2ovxodp3rhb5ehy9t.jpg; https://images.salsify.com/image/upload/s--bqwV0SeD--/w_900/unafj4eiyhtmbltsn1hi.jpg; https://images.salsify.com/image/upload/s--m94GGm8z--/w_900/spv1qeamszwldpkzupou.jpg,Ultum Nature Systems
8.81E+12,8.81E+12,UNS-NEO-AQUARIO-SKIMMER-MED,UNS NEO AQUARIO SKIMMER MED,140,706,19.99,https://images.salsify.com/image/upload/s--nOKPR151--/w_900/wc3ximhlchjcxbumhy8t.jpg,https://images.salsify.com/image/upload/s--nOKPR151--/w_900/wc3ximhlchjcxbumhy8t.jpg,Ultum Nature Systems
8.81E+12,8.81E+12,UNS-NEO-AQUARIO-SKIMMER-LRG,UNS NEO AQUARIO SKIMMER LRG,140,706,19.99,https://images.salsify.com/image/upload/s--bCSQycDC--/w_900/zkq7tgdw6hgskbr3q7bm.jpg,https://images.salsify.com/image/upload/s--bCSQycDC--/w_900/zkq7tgdw6hgskbr3q7bm.jpg,Ultum Nature Systems
6.97E+12,6.97E+12,UNS-VALVE-CHIHIROS-DBL-TAP-16-22MM,UNS VALVE CHIHIROS DBL TAP 16/22MM,140,706,17.99,https://images.salsify.com/image/upload/s--tp4TnmWn--/w_900/lhct5a9dk0s5aok2dupe.jpg,https://images.salsify.com/image/upload/s--tp4TnmWn--/w_900/lhct5a9dk0s5aok2dupe.jpg,Ultum Nature Systems
6.97E+12,6.97E+12,UNS-VALVE-CHIHIROS-DBL-TAP-12-16MM,UNS VALVE CHIHIROS DBL TAP 12/16MM,140,706,17.99,https://images.salsify.com/image/upload/s--T8lR1QN_--/w_900/mnhls9ejdffditjrqjnh.jpg,https://images.salsify.com/image/upload/s--T8lR1QN_--/w_900/mnhls9ejdffditjrqjnh.jpg,Ultum Nature Systems
8.10E+10,8.10E+11,UNS-ROTARY-NOZZLE-DUAL-AIO,UNS ROTARY NOZZLE DUAL AIO,140,706,24.99,https://cdn4.volusion.store/tpkd3-zys9r/v/vspfiles/photos/JBJ00065-1.png?v-cache=1746107951,https://cdn4.volusion.store/tpkd3-zys9r/v/vspfiles/photos/JBJ00065-1.png?v-cache=1746107951,Ultum Nature Systems
8.10E+10,8.10E+11,UNS-STAND-90P-OAK,UNS STAND 90P OAK,150,706,715.99,https://cdn4.volusion.store/tpkd3-zys9r/v/vspfiles/photos/EHM01672-1.png?v-cache=1772618218,https://cdn4.volusion.store/tpkd3-zys9r/v/vspfiles/photos/EHM01672-1.png?v-cache=1772618218,Ultum Nature Systems
8.10E+10,,UNS-STAND-90U-JET-BLACK,UNS STAND 90U JET BLACK,150,706,775.99,https://cdn4.volusion.store/tpkd3-zys9r/v/vspfiles/photos/AT01962-1.jpg?v-cache=1699280550,https://cdn4.volusion.store/tpkd3-zys9r/v/vspfiles/photos/AT01962-1.jpg?v-cache=1699280550,Ultum Nature Systems
8.10E+10,8.10E+11,UNS-CONTROLOCK-BOND-BROWN,UNS CONTROLOCK + BOND BROWN,130,706,19.99,https://images.salsify.com/image/upload/s--vc8_GwXs--/w_900/br3zguenm3tmf6sztzvw.jpg,https://images.salsify.com/image/upload/s--vc8_GwXs--/w_900/br3zguenm3tmf6sztzvw.jpg; https://images.salsify.com/image/upload/s--pvYJpuWk--/w_900/myyxxaie2c9jd7gvfdw1.jpg; https://images.salsify.com/image/upload/s--fICBX3Rd--/w_900/xnyr6sfmuriclcva9x9i.jpg; https://images.salsify.com/image/upload/s--ArsfH-xn--/w_900/mzjyodykizjlp66us6y9.jpg; https://images.salsify.com/image/upload/s--AISTxMQg--/w_900/f9g6nlipcvmxztc4sjil.jpg; https://images.salsify.com/image/upload/s--TCzst-LS--/w_900/md6otbxdubrmyexqez8q.jpg; https://images.salsify.com/image/upload/s--3l5zn-Kj--/w_900/q5my0rknyoflxjw2p4ge.jpg; https://images.salsify.com/image/upload/s--7mVN92hX--/w_900/g98ygjjfohvn3qom7o8l.jpg; https://images.salsify.com/image/upload/s--MTsc4BSQ--/w_900/hsxmxxjd7go8zr694svz.jpg,Ultum Nature Systems
8.10E+10,8.10E+11,UNS-STAND-30C-WHITE,UNS STAND 30C WHITE,160,706,319.99,https://cdn4.volusion.store/tpkd3-zys9r/v/vspfiles/photos/JBJ00245-1.png?v-cache=1746106781,https://cdn4.volusion.store/tpkd3-zys9r/v/vspfiles/photos/JBJ00245-1.png?v-cache=1746106781,Ultum Nature Systems
8.10E+10,8.10E+11,UNS-STNAD-35C-WHITE,UNS STNAD 35C WHITE,160,706,359.99,https://images.salsify.com/image/upload/s--Fj9wxpaU--/w_900/yyt4xhup6zdnu75s3chc.jpg,https://images.salsify.com/image/upload/s--Fj9wxpaU--/w_900/yyt4xhup6zdnu75s3chc.jpg,Ultum Nature Systems
8.10E+10,8.10E+11,UNS-STAND-40C-WHITE,UNS STAND 40C WHITE,160,706,396.99,https://cdn4.volusion.store/tpkd3-zys9r/v/vspfiles/photos/JBJ20933-1.png?v-cache=1746108980,https://cdn4.volusion.store/tpkd3-zys9r/v/vspfiles/photos/JBJ20933-1.png?v-cache=1746108980,Ultum Nature Systems
8.10E+10,8.10E+11,UNS-STAND-45C-WHITE,UNS STAND 45C WHITE,160,706,429.99,https://images.salsify.com/image/upload/s--SYv1ktBm--/w_900/cgbzubhmfmgwanikvu9v.jpg,https://images.salsify.com/image/upload/s--SYv1ktBm--/w_900/cgbzubhmfmgwanikvu9v.jpg; https://images.salsify.com/image/upload/s--tXfiD0Vz--/w_900/mrwxfpgpjcb26uillmdv.jpg,Ultum Nature Systems
8.10E+10,8.10E+11,UNS-STAND-50C-WHITE,UNS STAND 50C WHITE,160,706,440.99,https://images.salsify.com/image/upload/s--tXfiD0Vz--/w_900/mrwxfpgpjcb26uillmdv.jpg,https://images.salsify.com/image/upload/s--SYv1ktBm--/w_900/cgbzubhmfmgwanikvu9v.jpg; https://images.salsify.com/image/upload/s--tXfiD0Vz--/w_900/mrwxfpgpjcb26uillmdv.jpg,Ultum Nature Systems
8.10E+10,8.10E+11,UNS-STAND-60C-WHITE,UNS STAND 60C WHITE,160,706,579.99,https://images.salsify.com/image/upload/s---b2I2TEx--/w_900/h6ja5ynrsdhspteows0q.jpg,https://images.salsify.com/image/upload/s---b2I2TEx--/w_900/h6ja5ynrsdhspteows0q.jpg,Ultum Nature Systems
8.10E+10,8.10E+11,UNS-STAND-75P-WHITE,UNS STAND 75P WHITE,160,706,638.99,https://images.salsify.com/image/upload/s--fZzSQHJi--/w_900/cl06zo3hboyopyrdhhb4.jpg,https://images.salsify.com/image/upload/s--fZzSQHJi--/w_900/cl06zo3hboyopyrdhhb4.jpg; https://images.salsify.com/image/upload/s--jOJk9BVI--/w_900/f07eyaafzsvegrogd4xb.jpg; https://images.salsify.com/image/upload/s--XdnUpRYS--/w_900/ivd6kxqsy1ivuzegffeu.jpg; https://images.salsify.com/image/upload/s--cnslW37J--/w_900/ooaxzigu0tms1awtknov.jpg; https://images.salsify.com/image/upload/s--sPiHQCix--/w_900/zmmsdyngym9rjotir86b.jpg; https://images.salsify.com/image/upload/s--EM5Ey30F--/w_900/e6l1d5bpaefvyv1pqieq.jpg; https://images.salsify.com/image/upload/s--RvBKMz9j--/w_900/uxgsrppskzjd2rgjt3ln.jpg; https://images.salsify.com/image/upload/s--7JvfvAdD--/w_900/sue5wslaj6ygn65a24cw.jpg,Ultum Nature Systems
8.10E+10,8.10E+11,UNS-STAND-90U-WHITE,UNS STAND 90U WHITE,160,706,776.99,https://images.salsify.com/image/upload/s--jOJk9BVI--/w_900/f07eyaafzsvegrogd4xb.jpg,https://images.salsify.com/image/upload/s--fZzSQHJi--/w_900/cl06zo3hboyopyrdhhb4.jpg; https://images.salsify.com/image/upload/s--jOJk9BVI--/w_900/f07eyaafzsvegrogd4xb.jpg; https://images.salsify.com/image/upload/s--XdnUpRYS--/w_900/ivd6kxqsy1ivuzegffeu.jpg; https://images.salsify.com/image/upload/s--cnslW37J--/w_900/ooaxzigu0tms1awtknov.jpg; https://images.salsify.com/image/upload/s--sPiHQCix--/w_900/zmmsdyngym9rjotir86b.jpg; https://images.salsify.com/image/upload/s--EM5Ey30F--/w_900/e6l1d5bpaefvyv1pqieq.jpg; https://images.salsify.com/image/upload/s--RvBKMz9j--/w_900/uxgsrppskzjd2rgjt3ln.jpg; https://images.salsify.com/image/upload/s--7JvfvAdD--/w_900/sue5wslaj6ygn65a24cw.jpg,Ultum Nature Systems
8.10E+10,8.10E+11,UNS-TANK-AQUA-WORX-WATERFALL-KIT-A1,UNS TANK AQUA WORX WATERFALL KIT A1,155,706,109.99,https://images.salsify.com/image/upload/s--heZapiTg--/w_900/f10xtcfhsqhneojy4sdv.jpg,https://images.salsify.com/image/upload/s--heZapiTg--/w_900/f10xtcfhsqhneojy4sdv.jpg,Ultum Nature Systems
8.10E+10,8.10E+11,UNS-TANK-AQUA-WORX-WATERFALL-KIT-B1,UNS TANK AQUA WORX WATERFALL KIT B1,155,706,109.99,https://images.salsify.com/image/upload/s---yc8BuFx--/w_900/vobdlvqrceebe9juzzzt.jpg,https://images.salsify.com/image/upload/s---yc8BuFx--/w_900/vobdlvqrceebe9juzzzt.jpg,Ultum Nature Systems
8.10E+10,8.10E+11,UNS-TANK-AQUA-WORX-WATERFALL-KIT-A2,UNS TANK AQUA WORX WATERFALL KIT A2,155,706,154.99,https://images.salsify.com/image/upload/s--sczMTAm7--/w_900/xy7nuk1kd60ktanujivp.jpg,https://images.salsify.com/image/upload/s--sczMTAm7--/w_900/xy7nuk1kd60ktanujivp.jpg,Ultum Nature Systems
8.10E+10,8.10E+11,UNS-TANK-AQUA-WORX-WATERFALL-KIT-C1,UNS TANK AQUA WORX WATERFALL KIT C1,155,706,154.99,https://images.salsify.com/image/upload/s--aTc1qS0B--/w_900/pvfhq38qqv4jkmolwhvj.jpg,https://images.salsify.com/image/upload/s--aTc1qS0B--/w_900/pvfhq38qqv4jkmolwhvj.jpg,Ultum Nature Systems
8.10E+10,8.10E+11,UNS-STAND-30C-JET-BLACK,UNS STAND 30C JET BLACK,160,706,319.99,https://cdn4.volusion.store/tpkd3-zys9r/v/vspfiles/photos/AT18165-1.png?v-cache=1736332646,https://cdn4.volusion.store/tpkd3-zys9r/v/vspfiles/photos/AT18165-1.png?v-cache=1736332646,Ultum Nature Systems
8.10E+10,8.10E+11,UNS-TSNAD-35C-JET-BLACK,UNS TSNAD 35C JET BLACK,160,706,358.99,https://images.salsify.com/image/upload/s--LfBLXFG7--/w_900/lpzmk159vorygivvsg2v.jpg,https://images.salsify.com/image/upload/s--LfBLXFG7--/w_900/lpzmk159vorygivvsg2v.jpg; https://images.salsify.com/image/upload/s--L2ga7Wr8--/w_900/d8aesh2nu31qkyazveld.jpg; https://images.salsify.com/image/upload/s--8DfeLn6r--/w_900/w0sfd77zowvgrhf12g8b.jpg; https://images.salsify.com/image/upload/s--RDdVzh5p--/w_900/xb152jaillmjo0afkqyi.jpg; https://images.salsify.com/image/upload/s--pXmRtVUO--/w_900/fws3lbwcjgbumyxexwfx.jpg,Ultum Nature Systems
8.10E+10,8.10E+11,UNS-STAND-45C-JET-BLACK,UNS STAND 45C JET BLACK,160,706,429.99,https://cdn4.volusion.store/tpkd3-zys9r/v/vspfiles/photos/AT75070-1.jpg,https://cdn4.volusion.store/tpkd3-zys9r/v/vspfiles/photos/AT75070-1.jpg,Ultum Nature Systems
8.10E+10,8.10E+11,UNS-STAND-50C-JET-BLACK,UNS STAND 50C JET BLACK,160,706,440,https://cdn4.volusion.store/tpkd3-zys9r/v/vspfiles/photos/JBJ20863-1.png?v-cache=1746098290,https://cdn4.volusion.store/tpkd3-zys9r/v/vspfiles/photos/JBJ20863-1.png?v-cache=1746098290,Ultum Nature Systems
8.10E+10,8.10E+11,UNS-STAND-60C-JET-BLACK,UNS STAND 60C JET BLACK,160,706,578.99,https://cdn4.volusion.store/tpkd3-zys9r/v/vspfiles/photos/JBJ20864-1.png?v-cache=1746106608,https://cdn4.volusion.store/tpkd3-zys9r/v/vspfiles/photos/JBJ20864-1.png?v-cache=1746106608,Ultum Nature Systems
8.10E+10,8.10E+11,UNS-STAND-30C-NAT-WOOD,UNS STAND 30C NAT WOOD,160,706,385.99,https://images.salsify.com/image/upload/s--I06xl4T0--/w_900/mw6vj4nldsqegi9mqmmw.jpg,https://images.salsify.com/image/upload/s--I06xl4T0--/w_900/mw6vj4nldsqegi9mqmmw.jpg,Ultum Nature Systems
8.10E+10,8.10E+11,UNS-STAND-35C-NAT-WOOD,UNS STAND 35C NAT WOOD,160,706,423.99,https://images.salsify.com/image/upload/s--Gz_BZV0p--/w_900/d3252fabljfg7rshn7wg.jpg,https://images.salsify.com/image/upload/s--Gz_BZV0p--/w_900/d3252fabljfg7rshn7wg.jpg,Ultum Nature Systems
8.10E+10,8.10E+11,UNS-STAND-45C-NAT-WOOD,UNS STAND 45C NAT WOOD,160,706,462.99,https://images.salsify.com/image/upload/s--GvTXsRLi--/w_900/n0jae8ivgdookioutnhz.jpg,https://images.salsify.com/image/upload/s--GvTXsRLi--/w_900/n0jae8ivgdookioutnhz.jpg,Ultum Nature Systems
8.10E+10,8.10E+11,UNS-STNAD-50C-NAT-WOOD,UNS STNAD 50C NAT WOOD,160,706,484.99,https://images.salsify.com/image/upload/s--5_KStj4R--/w_900/dx0rapy4pstzqmfw0540.jpg,https://images.salsify.com/image/upload/s--5_KStj4R--/w_900/dx0rapy4pstzqmfw0540.jpg,Ultum Nature Systems
8.10E+10,8.10E+10,UNS-STAND-60C-NAT-WOOD,UNS STAND 60C NAT WOOD,160,706,616.99,https://images.salsify.com/image/upload/s--4jbBxxtt--/w_900/ser4b04bwuwsjmwmhynw.jpg,https://images.salsify.com/image/upload/s--4jbBxxtt--/w_900/ser4b04bwuwsjmwmhynw.jpg,Ultum Nature Systems
8.10E+10,8.10E+11,UNS-STNAD-30C-OAK,UNS STNAD 30C OAK,160,706,385.99,https://cdn4.volusion.store/tpkd3-zys9r/v/vspfiles/photos/EHM01972-1.jpg?v-cache=1770203727,https://cdn4.volusion.store/tpkd3-zys9r/v/vspfiles/photos/EHM01972-1.jpg?v-cache=1770203727,Ultum Nature Systems
8.10E+10,8.10E+11,UNS-STAND-35C-OAK,UNS STAND 35C OAK,160,706,423.99,https://cdn4.volusion.store/tpkd3-zys9r/v/vspfiles/photos/EHM01699-1.png?v-cache=1699280550,https://cdn4.volusion.store/tpkd3-zys9r/v/vspfiles/photos/EHM01699-1.png?v-cache=1699280550,Ultum Nature Systems
8.10E+10,8.10E+11,UNS-STAND-40C-OAK,UNS STAND 40C OAK,160,706,440.99,https://cdn4.volusion.store/tpkd3-zys9r/v/vspfiles/photos/EHM01696-1.png?v-cache=1699280550,https://cdn4.volusion.store/tpkd3-zys9r/v/vspfiles/photos/EHM01696-1.png?v-cache=1699280550,Ultum Nature Systems
8.10E+10,8.10E+11,UNS-STAND-45C-OAK,UNS STAND 45C OAK,160,706,462.99,https://cdn4.volusion.store/tpkd3-zys9r/v/vspfiles/photos/EHM14968-1.png?v-cache=1770222227,https://cdn4.volusion.store/tpkd3-zys9r/v/vspfiles/photos/EHM14968-1.png?v-cache=1770222227,Ultum Nature Systems
8.10E+10,8.10E+11,UNS-STAND-50C-OAK,UNS STAND 50C OAK,160,706,484.99,https://cdn4.volusion.store/tpkd3-zys9r/v/vspfiles/photos/EHM14969-1.png?v-cache=1770827012,https://cdn4.volusion.store/tpkd3-zys9r/v/vspfiles/photos/EHM14969-1.png?v-cache=1770827012,Ultum Nature Systems
8.10E+10,8.10E+11,UNS-STAND-60C-OAK,UNS STAND 60C OAK,160,706,616.99,https://cdn4.volusion.store/tpkd3-zys9r/v/vspfiles/photos/GL05154-1.png?v-cache=1743180973,https://cdn4.volusion.store/tpkd3-zys9r/v/vspfiles/photos/GL05154-1.png?v-cache=1743180973,Ultum Nature Systems
